timestamp,temperature_data,Humidity,Rpm,sound_dB,Amplitude,Frequency
2026-06-12 13:32:17,27,70,3730,42.41148,1.295,993.82098
2026-06-12 13:32:18,27,70,3730,42.41148,1.295,993.82098
2026-06-12 13:32:20,27,70,3730,42.41148,1.295,993.82098
2026-06-12 13:32:21,27,70,3730,42.41148,0.545,993.82098
2026-06-12 13:32:22,27,70,3730,42.41148,0.545,993.82098
2026-06-12 13:32:23,27,70,3722,42.41148,0.545,1067.01843
2026-06-12 13:32:24,27,70,3722,42.41148,0.545,1067.01843
2026-06-12 13:32:26,27,70,3722,42.41148,0.538,1067.01843
2026-06-12 13:32:27,27,70,3722,42.41148,0.538,1067.01843
2026-06-12 13:32:28,27,70,3688,42.41148,0.538,1007.88733
2026-06-12 13:32:29,27,70,3688,42.41148,0.538,1007.88733
2026-06-12 13:32:31,27,70,3688,42.41148,0.493,1007.88733
2026-06-12 13:32:32,27,70,3688,42.41148,0.493,1007.88733
2026-06-12 13:32:33,27,70,3688,42.41148,0.493,1007.88733
2026-06-12 13:32:34,27,70,3726,42.41148,0.493,941.22968
2026-06-12 13:32:35,27,70,3726,42.41148,0.493,941.22968
2026-06-12 13:32:37,27,70,3726,42.41148,0.281,941.22968
2026-06-12 13:32:38,27,70,3726,42.41148,0.281,941.22968
2026-06-12 13:32:39,27,70,3718,42.41148,0.281,961.21039
2026-06-12 13:32:40,27,70,3718,42.41148,0.281,961.21039
2026-06-12 13:33:04,27,70,3727,42.41148,0.003,978.79858
2026-06-12 13:33:09,27,70,3727,42.41148,0.003,978.79858
2026-06-12 13:33:12,27,70,3727,42.41148,0.003,978.79858
2026-06-12 13:33:16,27,70,3727,42.41148,0.003,978.79858
2026-06-12 13:33:23,27,70,3727,42.41148,0.003,978.79858
2026-06-12 13:33:29,27,70,3727,42.41148,0.003,978.79858
2026-06-12 13:33:31,27,70,3727,42.41148,0.003,978.79858
2026-06-12 13:33:34,27,70,3727,42.41148,0.003,978.79858
2026-06-12 13:33:36,27,70,3747,42.41148,0.003,976.0451
2026-06-12 13:33:39,27,70,3747,42.41148,0.003,976.0451
2026-06-12 13:33:41,27,70,3747,42.41148,0.146,976.0451
2026-06-12 13:33:44,27,70,3747,42.41148,0.146,976.0451
2026-06-12 13:33:46,27,70,3747,42.41148,0.146,962.36395
2026-06-12 13:33:49,27,70,3747,42.41148,0.146,962.36395
2026-06-12 13:33:51,27,70,3747,42.41148,0.126,962.36395
2026-06-12 13:33:54,27,70,3720,42.41148,0.126,950.37476
2026-06-12 13:33:57,27,70,3720,42.41148,0.126,950.37476
2026-06-12 13:34:00,27,70,3720,42.41148,0.126,950.37476
2026-06-12 13:34:03,27,70,3720,42.41148,0.126,950.37476
2026-06-12 13:34:05,27,70,3720,42.41148,0.193,950.37476
2026-06-12 13:34:08,27,70,3753,42.41148,0.193,950.37476
2026-06-12 13:34:10,27,70,3753,42.41148,0.193,895.46802
2026-06-12 13:34:12,27,70,3753,42.41148,0.723,895.46802
2026-06-12 13:34:14,27,70,3717,42.41148,0.723,902.35083
2026-06-12 13:34:16,27,70,3717,42.41148,0.137,902.35083
2026-06-12 13:34:18,27,70,3718,42.41148,0.137,845.04352
2026-06-12 13:34:21,27,70,3718,42.41148,1.114,845.04352
2026-06-12 13:34:23,27,70,3718,42.41148,1.114,845.04352
2026-06-12 13:34:25,27,70,3718,42.41148,1.114,875.2583
2026-06-12 13:34:28,27,70,3718,42.41148,0.431,875.2583
2026-06-12 13:34:30,27,70,3711,42.41148,0.431,842.79034
2026-06-12 13:34:32,27,70,3711,42.41148,0.123,842.79034
2026-06-12 13:34:34,27,70,3718,42.41148,0.123,856.71832
2026-06-12 13:34:36,27,70,3718,6.94338,0.043,856.71832
2026-06-12 13:34:38,27,70,3723,6.94338,0.043,902.55267
2026-06-12 13:34:41,27,70,3723,6.94338,0.043,902.55267
2026-06-12 13:34:43,27,70,3723,42.41148,0.87,902.55267
2026-06-12 13:34:45,27,70,3740,42.41148,0.87,873.95563
2026-06-12 13:34:48,27,70,3740,42.41148,0.184,873.95563
2026-06-12 13:34:50,27,70,3729,42.41148,0.184,873.95563
2026-06-12 13:34:53,27,70,3729,42.41148,0.184,856.93616
2026-06-12 13:34:55,27,70,3729,42.41148,0.179,856.93616
2026-06-12 13:34:57,27,70,3714,42.41148,0.179,877.73724
2026-06-12 13:34:59,27,70,3714,42.41148,0.013,877.73724
2026-06-12 13:35:02,27,70,3721,42.41148,0.013,916.77246
2026-06-12 13:35:04,27,70,3721,42.41148,0.2,916.77246
2026-06-12 13:35:06,27,70,3707,42.41148,0.2,916.77246
2026-06-12 13:35:09,27,70,3707,42.41148,0.2,1087.02173
2026-06-12 13:35:11,27,70,3707,42.41148,3.632,1087.02173
2026-06-12 13:35:14,27,70,3707,42.41148,3.632,990.66669
2026-06-12 13:35:17,27,70,3707,42.41148,3.632,990.66669
2026-06-12 13:35:20,27,70,3707,42.41148,3.632,990.66669
2026-06-12 13:35:23,27,70,3707,42.41148,0.067,990.66669
2026-06-12 13:35:26,27,70,3707,42.41148,0.067,990.66669
2026-06-12 13:35:28,27,70,3735,42.41148,0.067,946.05939
2026-06-12 13:35:30,27,70,3735,42.41148,0.067,946.05939
2026-06-12 13:35:33,27,70,3735,42.41148,0.067,946.05939
2026-06-12 13:35:35,27,70,3735,42.41148,0.238,946.05939
2026-06-12 13:35:37,27,70,3737,42.41148,0.238,881.0274
2026-06-12 13:35:40,27,70,3737,42.41148,0.238,881.0274
2026-06-12 13:35:42,27,70,3737,42.41148,0.253,881.0274
2026-06-12 13:35:45,27,70,3678,42.41148,0.253,962.69574
2026-06-12 13:35:47,27,70,3678,42.41148,0.253,962.69574
2026-06-12 13:35:50,27,70,3678,42.41148,1.066,962.69574
2026-06-12 13:35:53,27,70,3678,42.41148,1.066,962.69574
2026-06-12 13:35:55,27,70,3701,42.41148,1.066,941.08282
2026-06-12 13:35:58,27,70,3701,42.41148,1.066,941.08282
2026-06-12 13:36:00,27,70,3701,42.41148,0.623,941.08282
2026-06-12 13:36:02,27,70,3718,42.41148,0.623,1019.12262
2026-06-12 13:36:05,27,70,3718,42.41148,0.024,1019.12262
2026-06-12 13:36:07,27,70,3702,42.41148,0.024,1019.12262
2026-06-12 13:36:09,27,70,3702,42.41148,0.024,895.84064
2026-06-12 13:36:11,27,70,3702,42.41148,0.011,895.84064
2026-06-12 13:36:14,27,70,3698,42.41148,0.011,938.71021
2026-06-12 13:36:16,27,70,3698,42.41148,0.161,938.71021
2026-06-12 13:36:19,27,70,3721,42.41148,0.161,938.71021
2026-06-12 13:36:21,27,70,3721,42.41148,0.161,896.58179
2026-06-12 13:36:23,27,70,3721,42.41148,1.43,896.58179
2026-06-12 13:36:26,27,70,3708,42.41148,1.43,896.58179
2026-06-12 13:36:28,27,70,3708,42.41148,1.43,865.58221
2026-06-12 13:36:30,27,70,3708,42.41148,0.165,865.58221
2026-06-12 13:36:32,27,70,3704,42.41148,0.165,856.23901
2026-06-12 13:36:35,27,70,3704,42.41148,0.004,856.23901
2026-06-12 13:36:37,27,70,3704,42.41148,0.004,856.23901
2026-06-12 13:36:39,27,70,3696,42.41148,0.004,845.37872
2026-06-12 13:36:42,27,70,3696,42.41148,0.004,845.37872
2026-06-12 13:36:44,27,70,3729,42.41148,0.004,867.18488
2026-06-12 13:36:46,27,70,3729,42.41148,0.526,867.18488
2026-06-12 13:36:49,27,70,3729,42.41148,0.526,867.18488
2026-06-12 13:36:51,27,70,3692,42.41148,0.526,852.39447
2026-06-12 13:36:54,27,70,3692,42.41148,0.678,852.39447
2026-06-12 13:36:56,27,70,3713,42.41148,0.678,852.39447
2026-06-12 13:36:58,27,70,3713,42.41148,0.678,872.13916
2026-06-12 13:37:00,27,70,3713,42.41148,0.205,872.13916
2026-06-12 13:37:03,27,70,3711,42.41148,0.205,965.82141
2026-06-12 13:37:05,27,70,3711,42.41148,0.205,965.82141
2026-06-12 13:37:07,27,70,3711,42.41148,1.138,965.82141
2026-06-12 13:37:10,27,70,3700,42.41148,1.138,865.55774
2026-06-12 13:37:13,27,70,3700,42.41148,1.138,865.55774
2026-06-12 13:37:15,27,70,3700,42.41148,3.627,865.55774
2026-06-12 13:37:17,27,70,3716,42.41148,3.627,844.53723
2026-06-12 13:37:21,27,70,3716,42.41148,3.627,844.53723
2026-06-12 13:37:23,27,70,3716,42.41148,0.03,844.53723
2026-06-12 13:37:26,27,70,3725,42.41148,0.03,844.53723
2026-06-12 13:37:28,27,70,3725,42.41148,0.03,780.35284
2026-06-12 13:37:32,27,70,3725,42.41148,0.011,780.35284
2026-06-12 13:37:34,27,70,3725,42.41148,0.011,780.35284
2026-06-12 13:37:36,27,70,3718,42.41148,0.011,794.43231
2026-06-12 13:37:39,27,70,3718,42.41148,0.063,794.43231
2026-06-12 13:37:41,27,70,3715,42.41148,0.063,794.43231
2026-06-12 13:37:43,27,70,3715,42.41148,0.063,881.33453
2026-06-12 13:37:46,27,70,3715,42.41148,0.051,881.33453
2026-06-12 13:37:48,27,70,3700,42.41148,0.051,847.50037
2026-06-12 13:37:51,27,70,3700,42.41148,0.051,847.50037
2026-06-12 13:37:56,27,70,3700,42.41148,0.122,847.50037
2026-06-12 13:38:00,27,70,3700,5.873,0.122,847.50037
2026-06-12 13:38:03,27,70,3700,5.873,0.122,847.50037
2026-06-12 13:38:06,27,70,3700,5.873,0.122,847.50037
2026-06-12 13:38:10,27,70,3712,5.873,0.122,847.50037
2026-06-12 13:38:16,27,70,3712,5.873,0.122,847.50037
2026-06-12 13:38:20,27,70,3712,5.873,0.122,847.50037
2026-06-12 13:38:25,27,70,3712,5.873,0.122,847.50037
2026-06-12 13:38:29,27,70,3712,5.873,0.122,847.50037
2026-06-12 13:38:32,27,70,3712,5.873,0.122,847.50037
2026-06-12 13:38:34,27,70,3712,5.873,0.122,847.50037
2026-06-12 13:38:40,27,70,3712,5.873,0.122,847.50037
2026-06-12 13:38:43,27,70,3712,5.873,0.122,847.50037
2026-06-12 13:38:47,27,70,3712,5.873,0.122,847.50037
2026-06-12 13:38:51,27,70,3712,5.873,0.122,847.50037
2026-06-12 13:38:55,27,70,3712,5.873,0.485,847.50037
2026-06-12 13:38:58,27,70,3712,5.873,0.485,847.50037
2026-06-12 13:39:01,27,70,3712,5.873,0.485,847.50037
2026-06-12 13:39:04,27,70,3712,42.41148,0.485,847.50037
2026-06-12 13:39:08,27,70,3727,42.41148,0.485,883.88184
2026-06-12 13:39:14,27,70,3727,42.41148,0.485,883.88184
2026-06-12 13:39:16,27,70,3727,42.41148,0.485,883.88184
2026-06-12 13:39:19,27,70,3727,42.41148,0.918,883.88184
2026-06-12 13:39:21,27,70,3711,42.41148,0.918,761.29535
2026-06-12 13:39:23,27,70,3711,6.29,0.335,761.29535
2026-06-12 13:39:25,27,70,3692,6.29,0.335,760.05078
2026-06-12 13:39:29,27,70,3692,6.29,0.335,760.05078
2026-06-12 13:39:34,27,70,3692,6.29,0.335,760.05078
2026-06-12 13:39:37,27,70,3692,6.29,0.199,760.05078
2026-06-12 13:39:41,27,70,3692,6.29,0.199,760.05078
2026-06-12 13:39:45,27,70,3692,6.29,0.199,760.05078
2026-06-12 13:39:48,27,70,3692,6.29,0.199,760.05078
2026-06-12 13:39:54,27,70,3692,42.41148,0.199,760.05078
2026-06-12 13:39:58,27,70,3692,42.41148,0.199,760.05078
2026-06-12 13:40:03,27,70,3692,42.41148,0.199,760.05078
2026-06-12 13:40:05,27,70,3734,42.41148,0.199,782.90863
2026-06-12 13:40:07,27,70,3734,42.41148,1.712,782.90863
2026-06-12 13:40:10,27,70,3711,42.41148,1.712,747.3042
2026-06-12 13:40:12,27,70,3711,42.41148,0.07,747.3042
2026-06-12 13:40:14,27,70,3711,42.41148,0.07,747.3042
2026-06-12 13:40:16,27,70,3702,42.41148,0.07,764.39471
2026-06-12 13:40:18,27,70,3702,42.41148,0.224,764.39471
2026-06-12 13:40:21,27,70,3686,42.41148,0.224,833.70331
2026-06-12 13:40:23,27,70,3686,42.41148,0.0,833.70331
2026-06-12 13:40:25,27,70,3699,42.41148,0.0,694.42163
2026-06-12 13:40:27,27,70,3699,42.41148,1.449,694.42163
2026-06-12 13:40:30,27,70,3704,42.41148,1.449,694.42163
2026-06-12 13:40:32,27,70,3704,42.41148,1.449,735.22974
2026-06-12 13:40:34,27,70,3704,42.41148,0.332,735.22974
2026-06-12 13:40:37,27,70,3691,42.41148,0.332,777.52899
2026-06-12 13:40:39,27,70,3691,42.41148,0.202,777.52899
2026-06-12 13:40:41,27,70,3694,42.41148,0.202,722.96564
2026-06-12 13:40:43,27,70,3694,42.41148,0.202,722.96564
2026-06-12 13:40:46,27,70,3694,42.41148,0.087,722.96564
2026-06-12 13:40:48,27,70,3726,42.41148,0.087,713.00665
2026-06-12 13:40:50,27,70,3726,42.41148,0.018,713.00665
2026-06-12 13:40:53,27,70,3711,42.41148,0.018,713.00665
2026-06-12 13:40:57,27,70,3711,42.41148,0.018,744.57343
2026-06-12 13:41:05,27,70,3711,42.41148,0.018,744.57343
2026-06-12 13:41:09,27,70,3711,42.41148,0.018,744.57343
2026-06-12 13:41:20,27,70,3711,42.41148,0.018,744.57343
2026-06-12 13:41:24,27,70,3711,42.41148,0.018,744.57343
2026-06-12 13:41:31,27,70,3711,42.41148,0.018,744.57343
2026-06-12 13:41:33,27,70,3711,42.41148,0.018,744.57343
2026-06-12 13:41:35,27,70,3711,42.41148,0.018,744.57343
2026-06-12 13:41:38,27,70,3711,42.41148,0.018,744.57343
2026-06-12 13:41:40,27,70,3711,42.41148,0.018,744.57343
2026-06-12 13:41:42,27,70,3711,42.41148,0.018,744.57343
2026-06-12 13:41:45,27,70,3711,42.41148,0.018,744.57343
2026-06-12 13:41:47,27,70,3711,42.41148,0.018,744.57343
2026-06-12 13:41:50,27,70,3711,42.41148,0.018,744.57343
2026-06-12 13:41:52,27,70,3711,42.41148,0.018,744.57343
2026-06-12 13:41:54,27,70,3711,42.41148,0.018,744.57343
2026-06-12 13:41:56,27,70,3711,42.41148,0.018,744.57343
2026-06-12 13:41:58,27,70,3711,42.41148,0.012,744.57343
2026-06-12 13:42:01,27,70,3759,42.41148,0.012,744.57343
2026-06-12 13:42:03,27,70,3759,42.41148,0.012,819.36377
2026-06-12 13:42:05,27,70,3759,42.41148,0.012,819.36377
2026-06-12 13:42:08,27,70,3759,42.41148,0.007,819.36377
2026-06-12 13:42:10,27,70,3728,42.41148,0.007,778.45886
2026-06-12 13:42:14,27,70,3728,42.41148,0.007,778.45886
2026-06-12 13:42:16,27,70,3728,42.41148,0.659,778.45886
2026-06-12 13:42:19,27,70,3740,42.41148,0.659,778.45886
2026-06-12 13:42:21,27,70,3740,42.41148,0.659,901.72083
2026-06-12 13:42:25,27,70,3740,42.41148,0.659,901.72083
2026-06-12 13:42:37,27,70,3740,42.41148,0.659,901.72083
2026-06-12 13:42:44,27,70,3740,42.41148,0.659,901.72083
2026-06-12 13:42:51,27,70,3740,42.41148,0.659,901.72083
2026-06-12 13:42:58,27,70,3740,42.41148,0.659,901.72083
2026-06-12 13:43:01,27,70,3740,42.41148,0.659,901.72083
2026-06-12 13:43:03,27,70,3740,42.41148,0.659,901.72083
2026-06-12 13:43:06,27,70,3740,42.41148,0.659,901.72083
2026-06-12 13:43:08,27,70,3740,42.41148,0.057,901.72083
2026-06-12 13:43:10,27,70,3740,42.41148,0.057,901.72083
2026-06-12 13:43:12,27,70,3767,42.41148,0.057,874.32422
2026-06-12 13:43:15,27,70,3767,42.41148,0.311,874.32422
2026-06-12 13:43:19,27,70,3749,42.41148,0.311,874.32422
2026-06-12 13:43:21,27,70,3749,42.41148,0.311,836.71875
2026-06-12 13:43:24,27,70,3749,42.41148,0.369,836.71875
2026-06-12 13:43:26,27,70,3761,42.41148,0.369,1193.54126
2026-06-12 13:43:28,27,70,3761,42.41148,0.369,1193.54126
2026-06-12 13:43:31,27,70,3761,42.41148,0.028,1193.54126
2026-06-12 13:43:33,27,70,3755,42.41148,0.028,1213.46948
2026-06-12 13:43:35,27,70,3755,42.41148,2.428,1213.46948
2026-06-12 13:43:37,27,70,3743,42.41148,2.428,1219.38403
2026-06-12 13:43:39,27,70,3743,42.41148,2.428,1219.38403
2026-06-12 13:43:42,27,70,3743,42.41148,2.428,1219.38403
2026-06-12 13:43:44,27,70,3743,42.41148,2.428,1219.38403
2026-06-12 13:43:47,27,70,3743,42.41148,2.428,1219.38403
2026-06-12 13:43:49,27,70,3782,42.41148,2.428,904.88788
2026-06-12 13:43:51,27,70,3782,42.41148,0.009,904.88788
2026-06-12 13:43:54,27,70,3782,42.41148,0.009,904.88788
2026-06-12 13:43:56,27,70,3761,42.41148,0.009,947.35236
2026-06-12 13:43:58,27,70,3761,42.41148,0.192,947.35236
2026-06-12 13:44:00,27,70,3753,-6.91104,0.192,947.35236
2026-06-12 13:44:03,27,70,3753,-6.91104,0.192,979.22894
2026-06-12 13:44:05,27,70,3753,42.41148,0.151,979.22894
2026-06-12 13:44:07,27,70,3720,42.41148,0.151,887.67761
2026-06-12 13:44:10,27,70,3720,42.41148,0.11,887.67761
2026-06-12 13:44:12,27,70,3737,42.41148,0.11,898.73657
2026-06-12 13:44:14,27,70,3737,42.41148,0.204,898.73657
2026-06-12 13:44:16,27,70,3716,42.41148,0.204,1072.00977
2026-06-12 13:44:18,27,70,3716,42.41148,0.009,1072.00977
2026-06-12 13:44:21,27,70,3716,42.41148,0.009,1072.00977
2026-06-12 13:44:23,27,70,3727,42.41148,0.009,1531.1355
2026-06-12 13:44:25,27,70,3727,42.41148,1.25,1531.1355
2026-06-12 13:44:27,27,70,3672,42.41148,1.25,1511.88965
2026-06-12 13:44:29,27,70,3672,42.41148,0.139,1511.88965
2026-06-12 13:44:32,27,70,3637,42.41148,0.139,1435.57629
2026-06-12 13:44:34,27,70,3637,42.41148,0.353,1435.57629
2026-06-12 13:44:36,27,70,3624,42.41148,0.353,1568.46387
2026-06-12 13:44:39,27,70,3624,42.41148,0.821,1568.46387
2026-06-12 13:44:41,27,70,3696,42.41148,0.821,1672.29456
2026-06-12 13:44:43,27,70,3696,42.41148,0.002,1672.29456
2026-06-12 13:44:45,27,70,3713,42.41148,0.002,1616.35474
2026-06-12 13:44:48,27,70,3713,42.41148,0.222,1616.35474
2026-06-12 13:44:50,27,70,3713,42.41148,0.222,1616.35474
2026-06-12 13:44:52,27,70,3725,42.41148,0.222,1636.89319
2026-06-12 13:44:54,27,70,3725,42.41148,0.034,1636.89319
2026-06-12 13:44:57,27,70,3714,42.41148,0.034,1722.73535
2026-06-12 13:44:59,27,70,3714,-5.7512,1.973,1722.73535
2026-06-12 13:45:01,27,70,3724,-5.7512,1.973,1460.83423
2026-06-12 13:45:03,27,70,3724,42.41148,0.116,1460.83423
2026-06-12 13:45:06,27,70,3721,42.41148,0.116,1510.35156
2026-06-12 13:45:08,27,70,3721,42.41148,0.116,1510.35156
2026-06-12 13:45:10,27,70,3721,-6.91104,0.345,1510.35156
2026-06-12 13:45:13,27,70,3730,-6.91104,0.345,1633.09155
2026-06-12 13:45:16,27,70,3730,-6.91104,0.345,1633.09155
2026-06-12 13:45:21,27,70,3730,-6.91104,0.345,1633.09155
2026-06-12 13:45:24,27,70,3730,-6.91104,0.345,1633.09155
2026-06-12 13:45:26,27,70,3730,42.41148,0.047,1633.09155
2026-06-12 13:45:29,27,70,3751,42.41148,0.047,1392.28235
2026-06-12 13:45:31,27,70,3751,42.41148,0.047,1392.28235
2026-06-12 13:45:33,27,70,3751,42.41148,0.025,1392.28235
2026-06-12 13:45:37,27,70,3751,42.41148,0.025,1392.28235
2026-06-12 13:45:40,27,70,3751,42.41148,0.025,1392.28235
2026-06-12 13:45:42,27,70,3728,42.41148,0.025,1392.28235
2026-06-12 13:45:45,27,70,3728,42.41148,0.025,1157.94751
2026-06-12 13:45:47,27,70,3728,42.41148,0.245,1157.94751
2026-06-12 13:45:51,27,70,3728,42.41148,0.245,1157.94751
2026-06-12 13:45:54,27,70,3746,42.41148,0.245,1125.43347
2026-06-12 13:45:56,27,70,3746,42.41148,0.245,1125.43347
2026-06-12 13:45:59,27,70,3746,42.41148,0.245,1125.43347
2026-06-12 13:46:02,27,70,3746,42.41148,0.798,1125.43347
2026-06-12 13:46:04,27,70,3746,42.41148,0.798,1125.43347
2026-06-12 13:46:07,27,70,3743,42.41148,0.798,979.13263
2026-06-12 13:46:09,27,70,3743,42.41148,0.798,979.13263
2026-06-12 13:46:12,27,70,3743,42.41148,1.098,979.13263
2026-06-12 13:46:14,27,70,3724,42.41148,1.098,989.85852
2026-06-12 13:46:16,27,70,3724,42.41148,0.116,989.85852
2026-06-12 13:46:18,27,70,3722,42.41148,0.116,989.85852
2026-06-12 13:46:21,27,70,3722,42.41148,0.116,919.28174
2026-06-12 13:46:23,27,70,3722,42.41148,0.686,919.28174
2026-06-12 13:46:25,27,70,3741,42.41148,0.686,1052.26038
2026-06-12 13:46:28,27,70,3741,42.41148,0.052,1052.26038
2026-06-12 13:46:30,27,70,3741,42.41148,0.052,1052.26038
2026-06-12 13:46:32,27,70,3728,42.41148,0.052,1518.15076
2026-06-12 13:46:34,27,70,3728,42.41148,0.022,1518.15076
2026-06-12 13:46:36,27,70,3736,42.41148,0.022,1781.44531
2026-06-12 13:46:39,27,70,3736,42.41148,0.0,1781.44531
2026-06-12 13:46:41,27,70,3726,42.41148,0.0,1619.40601
2026-06-12 13:46:43,27,70,3726,42.41148,0.0,1619.40601
2026-06-12 13:46:45,27,70,3726,42.41148,0.01,1619.40601
2026-06-12 13:46:47,27,70,3733,42.41148,0.01,1619.40601
2026-06-12 13:46:50,27,70,3733,42.41148,0.01,1643.6781
2026-06-12 13:46:52,27,70,3733,42.41148,3.905,1643.6781
2026-06-12 13:46:54,27,70,3735,42.41148,3.905,1607.4668
2026-06-12 13:46:58,27,70,3735,42.41148,0.007,1607.4668
2026-06-12 13:47:01,27,70,3735,42.41148,0.007,1607.4668
2026-06-12 13:47:04,27,70,3735,42.41148,0.007,1607.4668
2026-06-12 13:47:07,27,70,3735,42.41148,0.007,1607.4668
2026-06-12 13:47:11,27,70,3745,42.41148,0.007,1607.4668
2026-06-12 13:47:14,27,70,3745,42.41148,0.007,1607.4668
2026-06-12 13:47:16,27,70,3745,42.41148,0.007,1607.4668
2026-06-12 13:47:19,27,70,3745,42.41148,0.007,1237.20276
2026-06-12 13:47:22,27,70,3745,42.41148,0.007,1237.20276
2026-06-12 13:47:24,27,70,3745,42.41148,0.002,1237.20276
2026-06-12 13:47:27,27,70,3755,42.41148,0.002,1237.20276
2026-06-12 13:47:30,27,70,3755,42.41148,0.002,1416.75769
2026-06-12 13:47:33,27,70,3755,42.41148,0.002,1416.75769
2026-06-12 13:47:36,27,70,3755,42.41148,0.002,1416.75769
2026-06-12 13:47:39,27,70,3755,42.41148,0.002,1416.75769
2026-06-12 13:47:43,27,70,3755,42.41148,0.23,1416.75769
2026-06-12 13:47:45,27,70,3650,42.41148,0.23,1416.75769
2026-06-12 13:47:47,27,70,3650,42.41148,0.009,1031.92712
2026-06-12 13:47:49,27,70,3650,42.41148,0.009,1031.92712
2026-06-12 13:47:52,27,70,3730,42.41148,0.009,975.1803
2026-06-12 13:47:54,27,70,3730,42.41148,0.482,975.1803
2026-06-12 13:47:57,27,70,3731,42.41148,0.482,1050.48865
2026-06-12 13:47:59,27,70,3731,42.41148,0.482,1050.48865
2026-06-12 13:48:02,27,70,3731,42.41148,0.0,1050.48865
2026-06-12 13:48:04,27,70,3731,42.41148,0.0,1050.48865
2026-06-12 13:48:07,27,70,3736,42.41148,0.0,997.2536
2026-06-12 13:48:09,27,70,3736,42.41148,0.0,997.2536
2026-06-12 13:48:12,27,70,3736,42.41148,0.011,997.2536
2026-06-12 13:48:14,27,70,3745,42.41148,0.011,879.76971
2026-06-12 13:48:17,27,70,3745,42.41148,0.011,879.76971
2026-06-12 13:48:19,27,70,3745,42.41148,0.347,879.76971
2026-06-12 13:48:21,27,70,3723,42.41148,0.347,859.98541
2026-06-12 13:48:24,27,70,3723,42.41148,0.0,859.98541
2026-06-12 13:48:26,27,70,3721,42.41148,0.0,859.98541
2026-06-12 13:48:28,27,70,3721,42.41148,0.0,943.0271
2026-06-12 13:48:31,27,70,3721,42.41148,0.074,943.0271
2026-06-12 13:48:33,27,70,3721,42.41148,0.074,943.0271
2026-06-12 13:48:36,27,70,3741,42.41148,0.074,874.59613
2026-06-12 13:48:38,27,70,3741,42.41148,0.055,874.59613
2026-06-12 13:48:40,27,70,3741,42.41148,0.055,874.59613
2026-06-12 13:48:42,27,70,3741,42.41148,0.055,1029.28308
2026-06-12 13:48:44,27,70,3741,42.41148,1.181,1029.28308
2026-06-12 13:48:47,27,70,3741,42.41148,1.181,1029.28308
2026-06-12 13:48:49,27,70,3738,42.41148,1.181,1045.48059
2026-06-12 13:48:51,27,70,3738,42.41148,1.181,1045.48059
2026-06-12 13:48:54,27,70,3738,42.41148,0.258,1045.48059
2026-06-12 13:48:56,27,70,3737,42.41148,0.258,923.50317
2026-06-12 13:48:59,27,70,3737,42.41148,2.171,923.50317
2026-06-12 13:49:02,27,70,3732,42.41148,2.171,923.50317
2026-06-12 13:49:06,27,70,3732,42.41148,2.171,885.0575
2026-06-12 13:49:08,27,70,3732,42.41148,2.171,885.0575
2026-06-12 13:49:13,27,70,3732,42.41148,2.171,885.0575
2026-06-12 13:49:17,27,70,3732,42.41148,2.171,885.0575
2026-06-12 13:49:19,27,70,3732,42.41148,2.171,885.0575
2026-06-12 13:49:21,27,70,3732,-5.7512,0.092,885.0575
2026-06-12 13:49:23,27,70,3748,-5.7512,0.092,884.09509
2026-06-12 13:49:26,27,70,3748,-5.7512,0.002,884.09509
2026-06-12 13:49:28,27,70,3748,42.41148,0.002,884.09509
2026-06-12 13:49:30,27,70,3706,42.41148,0.002,998.474
2026-06-12 13:49:32,27,70,3706,42.41148,1.33,998.474
2026-06-12 13:49:34,27,70,3722,42.41148,1.33,998.474
2026-06-12 13:49:36,27,70,3722,42.41148,0.874,924.21991
2026-06-12 13:49:39,27,70,3722,-9.00575,0.874,924.21991
2026-06-12 13:49:41,27,70,3701,-9.00575,0.874,925.62164
2026-06-12 13:49:43,27,70,3701,42.41148,1.187,925.62164
2026-06-12 13:49:45,27,70,3715,42.41148,1.187,960.06213
2026-06-12 13:49:47,27,70,3715,42.41148,0.0,960.06213
2026-06-12 13:49:50,27,70,3711,42.41148,0.0,932.22485
2026-06-12 13:49:52,27,70,3711,42.41148,0.211,932.22485
2026-06-12 13:49:54,27,70,3725,42.41148,0.211,1000.6662
2026-06-12 13:49:56,27,70,3725,42.41148,0.0,1000.6662
2026-06-12 13:49:59,27,70,3718,42.41148,0.0,1000.6662
2026-06-12 13:50:01,27,70,3718,42.41148,0.0,927.13422
2026-06-12 13:50:03,27,70,3718,42.41148,0.002,927.13422
2026-06-12 13:50:05,27,70,3709,42.41148,0.002,927.16077
2026-06-12 13:50:07,27,70,3709,42.41148,0.003,927.16077
2026-06-12 13:50:10,27,70,3717,42.41148,0.003,975.77728
2026-06-12 13:50:12,27,70,3717,42.41148,0.094,975.77728
2026-06-12 13:50:14,27,70,3714,42.41148,0.094,911.32812
2026-06-12 13:50:17,27,70,3714,42.41148,0.094,911.32812
2026-06-12 13:50:20,27,70,3714,42.41148,0.092,911.32812
2026-06-12 13:50:22,27,70,3717,42.41148,0.092,893.38501
2026-06-12 13:50:25,27,70,3717,42.41148,0.179,893.38501
2026-06-12 13:50:27,27,70,3725,42.41148,0.179,942.67291
2026-06-12 13:50:29,27,70,3725,42.41148,0.139,942.67291
2026-06-12 13:50:31,27,70,3710,42.41148,0.139,942.67291
2026-06-12 13:50:34,27,70,3710,42.41148,0.289,962.34845
2026-06-12 13:50:36,27,70,3710,42.41148,0.289,962.34845
2026-06-12 13:50:38,27,70,3705,42.41148,0.289,959.54248
2026-06-12 13:50:40,27,70,3705,42.41148,0.784,959.54248
2026-06-12 13:50:43,27,70,3733,42.41148,0.784,900.69586
2026-06-12 13:50:45,27,70,3733,42.41148,0.171,900.69586
2026-06-12 13:50:47,27,70,3726,42.41148,0.171,955.93726
2026-06-12 13:50:49,27,70,3726,42.41148,0.492,955.93726
2026-06-12 13:50:51,27,70,3718,42.41148,0.492,955.93726
2026-06-12 13:50:54,27,70,3718,42.41148,0.492,958.51154
2026-06-12 13:50:56,27,70,3718,42.41148,0.039,958.51154
2026-06-12 13:50:58,27,70,3728,42.41148,0.039,978.34448
2026-06-12 13:51:01,27,70,3728,42.41148,0.78,978.34448
2026-06-12 13:51:03,27,70,3707,42.41148,0.78,996.5235
2026-06-12 13:51:05,27,70,3707,42.41148,0.003,996.5235
2026-06-12 13:51:07,27,70,3738,42.41148,0.003,903.09857
2026-06-12 13:51:10,27,70,3738,42.41148,0.289,903.09857
2026-06-12 13:51:12,27,70,3733,42.41148,0.289,929.6875
2026-06-12 13:51:14,27,70,3733,42.41148,0.289,929.6875
2026-06-12 13:51:16,27,70,3733,42.41148,0.298,929.6875
2026-06-12 13:51:18,27,70,3728,42.41148,0.298,892.1449
2026-06-12 13:51:21,27,70,3728,42.41148,0.184,892.1449
2026-06-12 13:51:23,27,70,3714,42.41148,0.184,863.50323
2026-06-12 13:51:25,27,70,3714,42.41148,0.2,863.50323
2026-06-12 13:51:27,27,70,3724,42.41148,0.2,894.2774
2026-06-12 13:51:30,27,70,3724,42.41148,0.096,894.2774
2026-06-12 13:51:32,27,70,3724,42.41148,0.096,894.2774
2026-06-12 13:51:34,27,70,3966,42.41148,0.096,868.78979
2026-06-12 13:51:37,27,70,3966,42.41148,0.178,868.78979
2026-06-12 13:51:39,27,70,3746,42.41148,0.178,921.71399
2026-06-12 13:51:41,27,70,3746,42.41148,0.182,921.71399
2026-06-12 13:51:44,27,70,3718,42.41148,0.182,844.5575
2026-06-12 13:51:46,27,70,3718,42.41148,0.372,844.5575
2026-06-12 13:51:48,27,70,3709,42.41148,0.372,880.21149
2026-06-12 13:51:50,27,70,3709,42.41148,0.372,880.21149
2026-06-12 13:51:52,27,70,3709,42.41148,0.213,880.21149
2026-06-12 13:51:55,27,70,3708,42.41148,0.213,871.12531
2026-06-12 13:51:57,27,70,3708,42.41148,0.985,871.12531
2026-06-12 13:51:59,27,70,3708,42.41148,0.985,871.84705
2026-06-12 13:52:01,27,70,3708,42.41148,0.165,871.84705
2026-06-12 13:52:04,27,70,3716,42.41148,0.165,925.58594
2026-06-12 13:52:06,27,70,3716,42.41148,0.173,925.58594
2026-06-12 13:52:09,27,70,3724,42.41148,0.173,925.58594
2026-06-12 13:52:11,27,70,3724,42.41148,0.173,852.85913
2026-06-12 13:52:14,27,70,3724,42.41148,1.338,852.85913
2026-06-12 13:52:16,27,70,3721,42.41148,1.338,854.70227
2026-06-12 13:52:18,27,70,3721,-6.91104,1.331,854.70227
2026-06-12 13:52:20,27,70,3709,-6.91104,1.331,907.54498
2026-06-12 13:52:23,27,70,3709,-6.91104,1.331,907.54498
2026-06-12 13:52:25,27,70,3709,42.41148,0.33,907.54498
2026-06-12 13:52:27,27,70,3725,42.41148,0.33,875.50128
2026-06-12 13:52:29,27,70,3725,42.41148,0.08,875.50128
2026-06-12 13:52:32,27,70,3725,42.41148,0.08,875.50128
2026-06-12 13:52:34,27,70,3736,42.41148,0.08,1018.01648
2026-06-12 13:52:36,27,70,3736,42.41148,0.15,1018.01648
2026-06-12 13:52:39,27,70,3726,42.41148,0.15,916.88165
2026-06-12 13:52:41,27,70,3726,42.41148,0.136,916.88165
2026-06-12 13:52:43,27,70,3732,42.41148,0.136,979.07947
2026-06-12 13:52:46,27,70,3732,42.41148,2.2,979.07947
2026-06-12 13:52:48,27,70,3757,42.41148,2.2,979.07947
2026-06-12 13:52:50,27,70,3757,42.41148,2.2,925.26514
2026-06-12 13:52:53,27,70,3757,42.41148,2.2,925.26514
2026-06-12 13:52:55,27,70,3757,42.41148,0.003,925.26514
2026-06-12 13:52:58,27,70,3744,42.41148,0.003,950.0238
2026-06-12 13:53:00,27,70,3744,42.41148,1.579,950.0238
2026-06-12 13:53:03,27,70,3744,42.41148,1.579,950.0238
2026-06-12 13:53:05,27,70,3717,42.41148,1.579,869.63824
2026-06-12 13:53:08,27,70,3717,42.41148,0.17,869.63824
2026-06-12 13:53:10,27,70,3723,42.41148,0.17,887.84747
2026-06-12 13:53:13,27,70,3723,42.41148,0.056,887.84747
2026-06-12 13:53:15,27,70,3723,42.41148,0.056,887.84747
2026-06-12 13:53:18,27,70,3717,42.41148,0.056,852.62823
2026-06-12 13:53:21,27,70,3717,42.41148,0.0,852.62823
2026-06-12 13:53:23,27,70,3717,42.41148,0.0,852.62823
2026-06-12 13:53:25,27,70,3724,42.41148,0.0,837.20929
2026-06-12 13:53:28,27,70,3724,42.41148,1.651,837.20929
2026-06-12 13:53:30,27,70,3725,42.41148,1.651,893.54785
2026-06-12 13:53:33,27,70,3725,42.41148,1.385,893.54785
2026-06-12 13:53:35,27,70,3725,42.41148,1.385,893.54785
2026-06-12 13:53:37,27,70,3714,42.41148,1.385,873.07623
2026-06-12 13:53:40,27,70,3714,42.41148,0.038,873.07623
2026-06-12 13:53:42,27,70,3719,42.41148,0.038,819.80945
2026-06-12 13:53:44,27,70,3719,42.41148,0.038,819.80945
2026-06-12 13:53:46,27,70,3719,42.41148,0.014,819.80945
2026-06-12 13:53:49,27,70,3712,42.41148,0.014,861.77142
2026-06-12 13:53:52,27,70,3712,42.41148,0.621,861.77142
2026-06-12 13:53:54,27,70,3712,42.41148,0.621,861.77142
2026-06-12 13:53:56,27,70,3717,42.41148,0.621,872.28845
2026-06-12 13:53:59,27,70,3717,42.41148,0.231,872.28845
2026-06-12 13:54:01,27,70,3721,42.41148,0.231,859.35394
2026-06-12 13:54:03,27,70,3721,42.41148,0.316,859.35394
2026-06-12 13:54:06,27,70,3721,42.41148,0.316,859.35394
2026-06-12 13:54:08,27,70,3724,42.41148,0.316,827.42975
2026-06-12 13:54:10,27,70,3724,42.41148,0.238,827.42975
2026-06-12 13:54:12,27,70,3706,42.41148,0.238,847.05426
2026-06-12 13:54:15,27,70,3706,42.41148,0.087,847.05426
2026-06-12 13:54:17,27,70,3706,42.41148,0.087,847.05426
2026-06-12 13:54:19,27,70,3716,42.41148,0.087,871.98486
2026-06-12 13:54:21,27,70,3716,42.41148,0.546,871.98486
2026-06-12 13:54:27,27,70,3716,42.41148,0.546,871.98486
2026-06-12 13:54:30,27,70,3716,42.41148,0.546,871.98486
2026-06-12 13:54:33,27,70,3716,42.41148,0.546,871.98486
2026-06-12 13:54:36,27,70,3716,42.41148,0.546,933.42029
2026-06-12 13:54:38,27,70,3716,42.41148,2.294,933.42029
2026-06-12 13:54:40,27,70,3752,42.41148,2.294,933.42029
2026-06-12 13:54:42,27,70,3752,42.41148,0.166,913.19226
2026-06-12 13:54:45,27,70,3752,42.41148,0.166,913.19226
2026-06-12 13:54:47,27,70,3698,42.41148,0.166,872.45728
2026-06-12 13:54:49,27,70,3698,42.41148,0.373,872.45728
2026-06-12 13:54:51,27,70,3705,42.41148,0.373,893.41827
2026-06-12 13:54:54,27,70,3705,42.41148,0.205,893.41827
2026-06-12 13:54:56,27,70,3695,42.41148,0.205,913.60645
2026-06-12 13:54:58,27,70,3695,-5.22462,0.158,913.60645
2026-06-12 13:55:00,27,70,3685,-5.22462,0.158,892.57373
2026-06-12 13:55:03,27,70,3685,42.41148,0.495,892.57373
2026-06-12 13:55:05,27,70,3685,42.41148,0.495,892.57373
2026-06-12 13:55:07,27,70,3689,42.41148,0.495,912.94641
2026-06-12 13:55:09,27,70,3689,42.41148,0.057,912.94641
2026-06-12 13:55:12,27,70,3708,42.41148,0.057,912.94641
2026-06-12 13:55:14,27,70,3708,42.41148,0.057,936.32812
2026-06-12 13:55:17,27,70,3708,31.74278,1.135,936.32812
2026-06-12 13:55:20,27,70,3695,31.74278,1.135,987.04224
2026-06-12 13:55:25,27,70,3695,31.74278,1.135,987.04224
2026-06-12 13:55:29,27,70,3695,31.74278,1.135,987.04224
2026-06-12 13:55:36,27,70,3695,31.74278,1.135,987.04224
2026-06-12 13:55:41,27,70,3695,31.74278,1.135,987.04224
2026-06-12 13:55:47,27,70,3695,31.74278,1.135,987.04224
2026-06-12 13:55:51,27,70,3695,31.74278,1.135,987.04224
2026-06-12 13:55:54,27,70,3695,31.74278,1.135,987.04224
2026-06-12 13:55:58,27,70,3695,31.74278,1.135,987.04224
2026-06-12 13:56:04,27,70,3695,31.74278,1.135,987.04224
2026-06-12 13:56:10,27,70,3695,31.74278,1.135,987.04224
2026-06-12 13:56:14,27,70,3695,31.74278,1.135,987.04224
2026-06-12 13:56:19,27,70,3695,31.74278,1.135,987.04224
2026-06-12 13:56:26,27,70,3695,31.74278,1.135,987.04224
2026-06-12 13:56:31,27,70,3695,31.74278,1.135,987.04224
2026-06-12 13:59:03,27,70,3734,42.41148,0.331,998.44592
2026-06-12 13:59:05,27,70,3734,42.41148,0.331,998.44592
2026-06-12 13:59:07,27,70,3718,42.41148,0.331,969.80786
2026-06-12 13:59:09,27,70,3718,42.41148,0.331,969.80786
2026-06-12 13:59:11,27,70,3718,42.41148,0.025,969.80786
2026-06-12 13:59:14,27,70,3718,42.41148,0.025,969.80786
2026-06-12 13:59:16,27,70,3718,42.41148,0.025,969.80786
2026-06-12 13:59:18,27,70,3706,42.41148,0.025,954.0882
2026-06-12 13:59:20,27,70,3706,42.41148,0.025,954.0882
2026-06-12 13:59:22,27,70,3706,42.41148,0.025,954.0882
2026-06-12 13:59:25,27,70,3706,42.41148,0.221,954.0882
2026-06-12 13:59:27,27,70,3712,42.41148,0.221,954.0882
2026-06-12 13:59:29,27,70,3712,42.41148,0.221,987.69073
2026-06-12 13:59:31,27,70,3712,42.41148,0.018,987.69073
2026-06-12 13:59:33,27,70,3712,42.41148,0.018,987.69073
2026-06-12 13:59:35,27,70,3703,42.41148,0.018,922.65192
2026-06-12 13:59:38,27,70,3703,42.41148,0.018,922.65192
2026-06-12 13:59:40,27,70,3703,42.41148,4.958,922.65192
2026-06-12 13:59:42,27,70,3703,42.41148,4.958,922.65192
2026-06-12 13:59:44,27,70,3711,42.41148,4.958,950.43945
2026-06-12 13:59:46,27,70,3711,42.41148,4.958,950.43945
2026-06-12 13:59:48,27,70,3711,42.41148,0.166,950.43945
2026-06-12 13:59:51,27,70,3697,42.41148,0.166,1027.71399
2026-06-12 13:59:53,27,70,3697,42.41148,0.166,1027.71399
2026-06-12 13:59:55,27,70,3697,42.41148,0.021,1027.71399
2026-06-12 13:59:57,27,70,3697,42.41148,0.021,1027.71399
2026-06-12 13:59:59,27,70,3685,42.41148,0.021,998.37238
2026-06-12 14:00:01,27,70,3685,42.41148,0.242,998.37238
2026-06-12 14:00:04,27,70,3685,42.41148,0.242,998.37238
2026-06-12 14:00:06,27,70,3698,42.41148,0.242,914.24878
2026-06-12 14:00:08,27,70,3698,-4.72815,0.142,914.24878
2026-06-12 14:00:10,27,70,3705,-4.72815,0.142,914.24878
2026-06-12 14:00:13,27,70,3705,-4.72815,0.142,958.34839
2026-06-12 14:00:15,27,70,3705,-4.72815,0.142,958.34839
2026-06-12 14:00:17,27,70,3705,-4.72815,0.142,958.34839
2026-06-12 14:00:19,27,70,3705,-4.72815,0.142,958.34839
2026-06-12 14:00:21,27,70,3705,42.41148,3.232,958.34839
2026-06-12 14:00:23,27,70,3705,42.41148,3.232,958.34839
2026-06-12 14:00:26,27,70,3710,42.41148,3.232,958.34839
2026-06-12 14:00:29,27,70,3710,42.41148,3.232,958.34839
2026-06-12 14:00:31,27,70,3710,42.41148,3.232,958.34839
2026-06-12 14:00:33,27,70,3710,42.41148,3.232,1172.57495
2026-06-12 14:00:35,27,70,3710,42.41148,3.232,1172.57495
2026-06-12 14:00:37,27,70,3710,42.41148,0.075,1172.57495
2026-06-12 14:00:40,27,70,3710,42.41148,0.075,1172.57495
2026-06-12 14:00:42,27,70,3719,42.41148,0.075,943.53662
2026-06-12 14:00:44,27,70,3719,42.41148,0.075,943.53662
2026-06-12 14:00:46,27,70,3719,42.41148,0.075,943.53662
2026-06-12 14:00:48,27,70,3719,42.41148,1.334,943.53662
2026-06-12 14:00:51,27,70,3711,42.41148,1.334,943.53662
2026-06-12 14:00:53,27,70,3711,42.41148,1.334,946.28687
2026-06-12 14:00:55,27,70,3711,42.41148,1.334,946.28687
2026-06-12 14:00:57,27,70,3711,42.41148,0.115,946.28687
2026-06-12 14:00:59,27,70,3711,42.41148,0.115,946.28687
2026-06-12 14:01:01,27,70,3712,42.41148,0.115,996.08508
2026-06-12 14:01:04,27,70,3712,42.41148,0.115,996.08508
2026-06-12 14:01:06,27,70,3712,42.41148,0.006,996.08508
2026-06-12 14:01:08,27,70,3713,42.41148,0.006,996.08508
2026-06-12 14:01:10,27,70,3713,42.41148,0.006,957.68286
2026-06-12 14:01:12,27,70,3713,42.41148,1.184,957.68286
2026-06-12 14:01:15,27,70,3713,42.41148,1.184,957.68286
2026-06-12 14:01:17,27,70,3715,42.41148,1.184,1000.27124
2026-06-12 14:01:19,27,70,3715,42.41148,1.184,1000.27124
2026-06-12 14:01:21,27,70,3715,42.41148,1.1,1000.27124
2026-06-12 14:01:23,27,70,3713,42.41148,1.1,1096.52417
2026-06-12 14:01:26,27,70,3713,42.41148,1.1,1096.52417
2026-06-12 14:01:28,27,70,3713,42.41148,1.1,1096.52417
2026-06-12 14:01:30,27,70,3713,42.41148,0.404,1096.52417
2026-06-12 14:01:32,27,70,3717,42.41148,0.404,1096.52417
2026-06-12 14:01:35,27,70,3717,42.41148,0.404,1030.61792
2026-06-12 14:01:37,27,70,3717,42.41148,0.404,1030.61792
2026-06-12 14:01:40,27,70,3717,42.41148,0.002,1030.61792
2026-06-12 14:01:42,27,70,3712,42.41148,0.002,945.37866
2026-06-12 14:01:45,27,70,3712,42.41148,0.002,945.37866
2026-06-12 14:01:47,27,70,3712,-9.8336,1.236,945.37866
2026-06-12 14:01:49,27,70,3724,-9.8336,1.236,945.37866
2026-06-12 14:01:52,27,70,3724,-9.8336,1.236,956.67657
2026-06-12 14:01:54,27,70,3724,42.41148,0.004,956.67657
2026-06-12 14:01:57,27,70,3709,42.41148,0.004,988.09692
2026-06-12 14:01:59,27,70,3709,42.41148,0.004,988.09692
2026-06-12 14:02:01,27,70,3709,42.41148,0.008,988.09692
2026-06-12 14:02:03,27,70,3702,42.41148,0.008,1009.76733
2026-06-12 14:02:06,27,70,3702,42.41148,0.008,1009.76733
2026-06-12 14:02:09,27,70,3702,42.41148,0.047,1009.76733
2026-06-12 14:02:12,27,70,3722,42.41148,0.047,1009.76733
2026-06-12 14:02:14,27,70,3722,42.41148,0.047,1040.91675
2026-06-12 14:02:16,27,70,3722,42.41148,0.047,1040.91675
2026-06-12 14:02:19,27,70,3722,42.41148,0.293,1040.91675
2026-06-12 14:02:21,27,70,3722,42.41148,0.293,1040.91675
2026-06-12 14:02:24,27,70,4098,42.41148,0.293,961.23816
2026-06-12 14:02:26,27,70,4098,42.41148,0.293,961.23816
2026-06-12 14:02:28,27,70,4098,42.41148,0.239,961.23816
2026-06-12 14:02:30,27,70,4098,42.41148,0.239,961.23816
2026-06-12 14:02:33,27,70,3747,42.41148,0.239,1039.27612
2026-06-12 14:02:36,27,70,3747,42.41148,0.239,1039.27612
2026-06-12 14:02:38,27,70,3747,42.41148,0.512,1039.27612
2026-06-12 14:02:41,27,70,3747,42.41148,0.512,1039.27612
2026-06-12 14:02:43,27,70,3729,42.41148,0.512,932.09106
2026-06-12 14:02:46,27,70,3729,42.41148,0.512,932.09106
2026-06-12 14:02:48,27,70,3729,42.41148,0.512,932.09106
2026-06-12 14:02:51,27,70,3729,42.41148,0.206,932.09106
2026-06-12 14:02:53,27,70,3729,42.41148,0.206,932.09106
2026-06-12 14:02:56,27,70,3738,42.41148,0.206,932.09106
2026-06-12 14:02:58,27,70,3738,42.41148,0.206,927.98322
2026-06-12 14:03:00,27,70,3738,42.41148,0.206,927.98322
2026-06-12 14:03:02,27,70,3738,42.41148,0.16,927.98322
2026-06-12 14:03:04,27,70,3738,42.41148,0.16,927.98322
2026-06-12 14:03:07,27,70,3738,42.41148,0.16,927.98322
2026-06-12 14:03:09,27,70,3738,42.41148,0.16,927.98322
2026-06-12 14:03:11,27,70,3738,42.41148,0.16,927.98322
2026-06-12 14:03:13,27,70,3738,42.41148,0.16,927.98322
2026-06-12 14:03:15,27,70,3738,42.41148,0.16,927.98322
2026-06-12 14:03:17,27,70,3738,42.41148,0.16,927.98322
2026-06-12 14:03:20,27,70,3738,42.41148,0.16,927.98322
2026-06-12 14:03:22,27,70,3738,42.41148,0.16,927.98322
2026-06-12 14:03:24,27,70,3738,42.41148,0.16,927.98322
2026-06-12 14:03:26,27,70,3738,42.41148,0.16,927.98322
2026-06-12 14:03:28,27,70,3738,42.41148,0.16,927.98322
2026-06-12 14:03:30,27,70,3738,42.41148,0.16,927.98322
2026-06-12 14:03:32,27,70,3738,42.41148,0.16,927.98322
2026-06-12 14:03:35,27,70,3738,42.41148,0.16,898.42761
2026-06-12 14:03:37,27,70,3738,42.41148,0.16,898.42761
2026-06-12 14:03:39,27,70,3738,42.41148,0.16,898.42761
2026-06-12 14:03:41,27,70,3738,42.41148,0.16,898.42761
2026-06-12 14:03:43,27,70,3738,42.41148,0.268,898.42761
2026-06-12 14:03:45,27,70,3748,42.41148,0.268,898.42761
2026-06-12 14:03:47,27,70,3748,42.41148,0.268,979.58228
2026-06-12 14:03:49,27,70,3748,42.41148,0.179,979.58228
2026-06-12 14:03:52,27,70,3748,42.41148,0.179,979.58228
2026-06-12 14:03:54,27,70,3723,42.41148,0.179,1045.65698
2026-06-12 14:03:56,27,70,3723,42.41148,0.179,1045.65698
2026-06-12 14:03:58,27,70,3723,42.41148,0.394,1045.65698
2026-06-12 14:04:00,27,70,3719,42.41148,0.394,1045.65698
2026-06-12 14:04:02,27,70,3719,42.41148,0.394,1070.7019
2026-06-12 14:04:05,27,70,3719,42.41148,0.394,1070.7019
2026-06-12 14:04:07,27,70,3719,42.41148,0.003,1070.7019
2026-06-12 14:04:09,27,70,3730,42.41148,0.003,983.86292
2026-06-12 14:04:11,27,70,3730,42.41148,0.003,983.86292
2026-06-12 14:04:13,27,70,3730,42.41148,0.129,983.86292
2026-06-12 14:04:15,27,70,3730,42.41148,0.129,983.86292
2026-06-12 14:04:17,27,70,3743,42.41148,0.129,912.68903
2026-06-12 14:04:20,27,70,3743,42.41148,0.129,912.68903
2026-06-12 14:04:22,27,70,3743,42.41148,0.273,912.68903
2026-06-12 14:04:24,27,70,3743,42.41148,0.273,912.68903
2026-06-12 14:04:26,27,70,3743,42.41148,0.273,912.68903
2026-06-12 14:04:28,27,70,3750,42.41148,0.273,999.263
2026-06-12 14:04:30,27,70,3750,42.41148,0.273,999.263
2026-06-12 14:04:32,27,70,3750,42.41148,1.331,999.263
2026-06-12 14:04:35,27,70,3750,42.41148,1.331,999.263
2026-06-12 14:04:37,27,70,3739,42.41148,1.331,1028.61047
2026-06-12 14:04:39,27,70,3739,42.41148,1.331,1028.61047
2026-06-12 14:04:42,27,70,3739,42.41148,1.331,1028.61047
2026-06-12 14:04:44,27,70,3739,42.41148,0.155,1028.61047
2026-06-12 14:04:46,27,70,3739,42.41148,0.155,1028.61047
2026-06-12 14:04:52,27,70,3739,42.41148,0.155,1028.61047
2026-06-12 14:04:54,27,70,3737,42.41148,0.155,990.89124
2026-06-12 14:04:56,27,70,3737,42.41148,0.155,990.89124
2026-06-12 14:04:58,27,70,3737,42.41148,0.155,990.89124
2026-06-12 14:05:01,27,70,3737,42.41148,1.534,990.89124
2026-06-12 14:05:03,27,70,3750,42.41148,1.534,968.10522
2026-06-12 14:05:05,27,70,3750,42.41148,1.534,968.10522
2026-06-12 14:05:08,27,70,3750,42.41148,1.534,968.10522
2026-06-12 14:05:10,27,70,3750,42.41148,0.0,968.10522
2026-06-12 14:05:12,27,70,3750,42.41148,0.0,968.10522
2026-06-12 14:05:14,27,70,3752,42.41148,0.0,999.2027
2026-06-12 14:05:16,27,70,3752,42.41148,0.0,999.2027
2026-06-12 14:05:19,27,70,3752,42.41148,0.0,999.2027
2026-06-12 14:05:21,27,70,3752,42.41148,0.072,999.2027
2026-06-12 14:05:23,27,70,3752,42.41148,0.072,999.2027
2026-06-12 14:05:25,27,70,3760,42.41148,0.072,999.2027
2026-06-12 14:05:27,27,70,3760,42.41148,0.072,882.24286
2026-06-12 14:05:30,27,70,3760,42.41148,0.072,882.24286
2026-06-12 14:05:32,27,70,3760,42.41148,0.349,882.24286
2026-06-12 14:05:34,27,70,3760,42.41148,0.349,882.24286
2026-06-12 14:05:36,27,70,3739,42.41148,0.349,906.00568
2026-06-12 14:05:38,27,70,3739,42.41148,0.349,906.00568
2026-06-12 14:05:41,27,70,3739,42.41148,0.349,906.00568
2026-06-12 14:05:43,27,70,3739,42.41148,0.349,906.00568
2026-06-12 14:05:45,27,70,3739,42.41148,0.349,906.00568
2026-06-12 14:05:47,27,70,3739,42.41148,0.564,906.00568
2026-06-12 14:05:49,27,70,3739,42.41148,0.564,906.00568
2026-06-12 14:05:52,27,70,3748,42.41148,0.564,1011.85297
2026-06-12 14:05:54,27,70,3748,42.41148,0.564,1011.85297
2026-06-12 14:05:56,27,70,3748,42.41148,0.007,1011.85297
2026-06-12 14:05:58,27,70,3748,42.41148,0.007,1011.85297
2026-06-12 14:06:00,27,70,3735,42.41148,0.007,1011.85297
2026-06-12 14:06:02,27,70,3735,42.41148,0.007,1013.73346
2026-06-12 14:06:04,27,70,3735,42.41148,0.007,1013.73346
2026-06-12 14:06:07,27,70,3735,42.41148,0.007,1013.73346
2026-06-12 14:06:09,27,70,3735,42.41148,0.109,1013.73346
2026-06-12 14:06:11,27,70,3735,42.41148,0.109,1013.73346
2026-06-12 14:06:13,27,70,3735,42.41148,0.109,916.5528
2026-06-12 14:06:16,27,70,3735,42.41148,0.109,916.5528
2026-06-12 14:06:18,27,70,3735,42.41148,0.265,916.5528
2026-06-12 14:06:20,27,70,3728,42.41148,0.265,916.5528
2026-06-12 14:06:22,27,70,3728,42.41148,0.265,986.50946
2026-06-12 14:06:24,27,70,3728,42.41148,0.265,986.50946
2026-06-12 14:06:26,27,70,3728,42.41148,0.265,986.50946
2026-06-12 14:06:28,27,70,3728,42.41148,0.087,986.50946
2026-06-12 14:06:30,27,70,3728,42.41148,0.087,986.50946
2026-06-12 14:06:33,27,70,3728,42.41148,0.087,986.50946
2026-06-12 14:06:35,27,70,3731,42.41148,0.087,916.58276
2026-06-12 14:06:37,27,70,3731,42.41148,0.087,916.58276
2026-06-12 14:06:39,27,70,3731,42.41148,0.087,916.58276
2026-06-12 14:06:41,27,70,3731,42.41148,0.03,916.58276
2026-06-12 14:06:43,27,70,3731,42.41148,0.03,916.58276
2026-06-12 14:06:45,27,70,3737,42.41148,0.03,984.40045
2026-06-12 14:06:48,27,70,3737,42.41148,0.03,984.40045
2026-06-12 14:06:50,27,70,3737,42.41148,0.03,984.40045
2026-06-12 14:06:52,27,70,3737,42.41148,0.03,984.40045
2026-06-12 14:06:54,27,70,3737,42.41148,0.174,984.40045
2026-06-12 14:06:56,27,70,3737,42.41148,0.174,984.40045
2026-06-12 14:06:58,27,70,3742,42.41148,0.174,984.40045
2026-06-12 14:07:00,27,70,3742,42.41148,0.174,989.30566
2026-06-12 14:07:03,27,70,3742,42.41148,0.174,989.30566
2026-06-12 14:07:05,27,70,3742,42.41148,0.174,989.30566
2026-06-12 14:07:07,27,70,3742,42.41148,0.174,989.30566
2026-06-12 14:07:09,27,70,3742,42.41148,0.36,989.30566
2026-06-12 14:07:11,27,70,3742,42.41148,0.36,989.30566
2026-06-12 14:07:13,27,70,3739,42.41148,0.36,989.30566
2026-06-12 14:07:15,27,70,3739,42.41148,0.36,947.97882
2026-06-12 14:07:17,27,70,3739,42.41148,0.36,947.97882
2026-06-12 14:07:20,27,70,3739,42.41148,0.175,947.97882
2026-06-12 14:07:22,27,70,3739,42.41148,0.175,947.97882
2026-06-12 14:07:24,27,70,3739,42.41148,0.175,947.97882
2026-06-12 14:07:26,27,70,3738,42.41148,0.175,877.43689
2026-06-12 14:07:28,27,70,3738,42.41148,0.175,877.43689
2026-06-12 14:07:30,27,70,3738,42.41148,0.175,877.43689
2026-06-12 14:07:32,27,70,3738,42.41148,0.282,877.43689
2026-06-12 14:07:35,27,70,3735,42.41148,0.282,877.43689
2026-06-12 14:07:37,27,70,3735,42.41148,0.282,903.28961
2026-06-12 14:07:39,27,70,3735,42.41148,0.282,903.28961
2026-06-12 14:07:41,27,70,3735,42.41148,1.307,903.28961
2026-06-12 14:07:43,27,70,3738,42.41148,1.307,907.84027
2026-06-12 14:07:45,27,70,3738,42.41148,1.307,907.84027
2026-06-12 14:07:47,27,70,3738,42.41148,1.093,907.84027
2026-06-12 14:07:50,27,70,3738,42.41148,1.093,907.84027
2026-06-12 14:07:52,27,70,3723,42.41148,1.093,985.17963
2026-06-12 14:07:54,27,70,3723,42.41148,1.093,985.17963
2026-06-12 14:07:56,27,70,3723,42.41148,1.093,985.17963
2026-06-12 14:07:58,27,70,3723,42.41148,0.777,985.17963
2026-06-12 14:08:01,27,70,3723,42.41148,0.777,985.17963
2026-06-12 14:08:03,27,70,3723,42.41148,0.777,985.17963
2026-06-12 14:08:05,27,70,3723,42.41148,0.777,985.17963
2026-06-12 14:08:07,27,70,3723,42.41148,0.777,985.17963
2026-06-12 14:08:09,27,70,3723,42.41148,0.777,985.17963
2026-06-12 14:08:11,27,70,3723,42.41148,0.777,985.17963
2026-06-12 14:08:13,27,70,3757,42.41148,0.777,1076.94153
2026-06-12 14:08:16,27,70,3757,42.41148,0.777,1076.94153
2026-06-12 14:08:18,27,70,3757,42.41148,0.777,1076.94153
2026-06-12 14:08:20,27,70,3757,42.41148,0.042,1076.94153
2026-06-12 14:08:22,27,70,3757,42.41148,0.042,1076.94153
2026-06-12 14:08:24,27,70,3743,42.41148,0.042,1071.82471
2026-06-12 14:08:26,27,70,3743,42.41148,0.042,1071.82471
2026-06-12 14:08:28,27,70,3743,42.41148,0.009,1071.82471
2026-06-12 14:08:31,27,70,3743,42.41148,0.009,1071.82471
2026-06-12 14:08:33,27,70,3729,42.41148,0.009,1071.82471
2026-06-12 14:08:35,27,70,3729,42.41148,0.009,1033.26294
2026-06-12 14:08:37,27,70,3729,42.41148,0.009,1033.26294
2026-06-12 14:08:39,27,70,3729,42.41148,0.047,1033.26294
2026-06-12 14:08:42,27,70,3729,42.41148,0.047,1033.26294
2026-06-12 14:08:44,27,70,3712,42.41148,0.047,1026.48267
2026-06-12 14:08:46,27,70,3712,42.41148,0.047,1026.48267
2026-06-12 14:08:48,27,70,3712,42.41148,1.195,1026.48267
2026-06-12 14:08:50,27,70,3712,42.41148,1.195,1026.48267
2026-06-12 14:08:52,27,70,3713,42.41148,1.195,1040.3811
2026-06-12 14:08:54,27,70,3713,42.41148,1.195,1040.3811
2026-06-12 14:08:57,27,70,3713,42.41148,0.569,1040.3811
2026-06-12 14:08:59,27,70,3713,42.41148,0.569,1040.3811
2026-06-12 14:09:01,27,70,3723,42.41148,0.569,1059.52649
2026-06-12 14:09:03,27,70,3723,42.41148,0.569,1059.52649
2026-06-12 14:09:05,27,70,3723,42.41148,0.569,1059.52649
2026-06-12 14:09:07,27,70,3723,42.41148,0.819,1059.52649
2026-06-12 14:09:10,27,70,3723,42.41148,0.819,1059.52649
2026-06-12 14:09:12,27,70,3707,42.41148,0.819,1057.22461
2026-06-12 14:09:14,27,70,3707,42.41148,0.819,1057.22461
2026-06-12 14:09:16,27,70,3707,0.79598,0.29,1057.22461
2026-06-12 14:09:18,27,70,3714,0.79598,0.29,1108.92761
2026-06-12 14:09:20,27,70,3714,0.79598,0.29,1108.92761
2026-06-12 14:09:22,27,70,3714,32.30381,0.314,1108.92761
2026-06-12 14:09:25,27,70,3714,32.30381,0.314,1108.92761
2026-06-12 14:09:27,27,70,3701,32.30381,0.314,1132.10083
2026-06-12 14:09:29,27,70,3701,32.30381,0.314,1132.10083
2026-06-12 14:09:31,27,70,3701,32.30381,0.314,1132.10083
2026-06-12 14:09:33,27,70,3701,42.41148,0.002,1132.10083
2026-06-12 14:09:35,27,70,3699,42.41148,0.002,1132.10083
2026-06-12 14:09:37,27,70,3699,42.41148,0.002,1268.80212
2026-06-12 14:09:40,27,70,3699,42.41148,0.004,1268.80212
2026-06-12 14:09:42,27,70,3699,42.41148,0.004,1268.80212
2026-06-12 14:09:44,27,70,3695,42.41148,0.004,1163.6084
2026-06-12 14:09:46,27,70,3695,42.41148,0.004,1163.6084
2026-06-12 14:09:48,27,70,3695,42.41148,0.258,1163.6084
2026-06-12 14:09:50,27,70,3683,42.41148,0.258,1006.41479
2026-06-12 14:09:52,27,70,3683,42.41148,0.258,1006.41479
2026-06-12 14:09:54,27,70,3683,42.41148,0.258,1006.41479
2026-06-12 14:09:57,27,70,3683,42.41148,0.002,1006.41479
2026-06-12 14:09:59,27,70,3703,42.41148,0.002,1006.41479
2026-06-12 14:10:01,27,70,3703,42.41148,0.002,1045.46826
2026-06-12 14:10:03,27,70,3703,42.41148,2.747,1045.46826
2026-06-12 14:10:05,27,70,3703,42.41148,2.747,1045.46826
2026-06-12 14:10:08,27,70,3694,42.41148,2.747,931.4682
2026-06-12 14:10:10,27,70,3694,42.41148,2.747,931.4682
2026-06-12 14:10:12,27,70,3694,42.41148,3.227,931.4682
2026-06-12 14:10:14,27,70,3694,42.41148,3.227,931.4682
2026-06-12 14:10:16,27,70,3705,42.41148,3.227,908.86316
2026-06-12 14:10:18,27,70,3705,42.41148,0.363,908.86316
2026-06-12 14:10:21,27,70,3705,42.41148,0.363,908.86316
2026-06-12 14:10:23,27,70,3693,42.41148,0.363,867.48608
2026-06-12 14:10:25,27,70,3693,42.41148,0.298,867.48608
2026-06-12 14:10:27,27,70,3693,42.41148,0.298,867.48608
2026-06-12 14:10:29,27,70,3693,42.41148,0.298,834.41748
2026-06-12 14:10:31,27,70,3693,42.41148,0.298,834.41748
2026-06-12 14:10:33,27,70,3693,42.41148,0.692,834.41748
2026-06-12 14:10:36,27,70,3697,42.41148,0.692,823.08173
2026-06-12 14:10:38,27,70,3697,42.41148,0.692,823.08173
2026-06-12 14:10:40,27,70,3697,42.41148,2.799,823.08173
2026-06-12 14:10:42,27,70,3692,42.41148,2.799,767.17114
2026-06-12 14:10:44,27,70,3692,42.41148,2.799,767.17114
2026-06-12 14:10:46,27,70,3692,42.41148,0.0,767.17114
2026-06-12 14:10:48,27,70,3692,42.41148,0.0,767.17114
2026-06-12 14:10:51,27,70,3694,42.41148,0.0,840.8761
2026-06-12 14:10:53,27,70,3694,42.41148,0.0,840.8761
2026-06-12 14:10:55,27,70,3694,42.41148,0.216,840.8761
2026-06-12 14:10:57,27,70,3711,42.41148,0.216,825.40973
2026-06-12 14:10:59,27,70,3711,42.41148,0.216,825.40973
2026-06-12 14:11:01,27,70,3711,42.41148,0.317,825.40973
2026-06-12 14:11:04,27,70,3713,42.41148,0.317,825.40973
2026-06-12 14:11:06,27,70,3713,42.41148,0.317,868.78009
2026-06-12 14:11:08,27,70,3713,42.41148,0.317,868.78009
2026-06-12 14:11:10,27,70,3713,42.41148,0.002,868.78009
2026-06-12 14:11:12,27,70,3713,42.41148,0.002,868.78009
2026-06-12 14:11:14,27,70,3733,42.41148,0.002,865.12201
2026-06-12 14:11:16,27,70,3733,42.41148,0.002,865.12201
2026-06-12 14:11:19,27,70,3733,42.41148,0.475,865.12201
2026-06-12 14:11:21,27,70,3736,42.41148,0.475,865.12201
2026-06-12 14:11:23,27,70,3736,42.41148,0.475,880.36847
2026-06-12 14:11:25,27,70,3736,42.41148,0.475,880.36847
2026-06-12 14:11:27,27,70,3736,42.41148,0.096,880.36847
2026-06-12 14:11:29,27,70,3736,42.41148,0.096,880.36847
2026-06-12 14:11:31,27,70,3741,42.41148,0.096,885.57544
2026-06-12 14:11:34,27,70,3741,42.41148,0.096,885.57544
2026-06-12 14:11:36,27,70,3741,42.41148,0.344,885.57544
2026-06-12 14:11:38,27,70,3741,42.41148,0.344,885.57544
2026-06-12 14:11:40,27,70,3738,42.41148,0.344,902.63007
2026-06-12 14:11:42,27,70,3738,42.41148,0.344,902.63007
2026-06-12 14:11:44,27,70,3738,42.41148,0.002,902.63007
2026-06-12 14:11:46,27,70,3738,42.41148,0.002,902.63007
2026-06-12 14:11:48,27,70,3718,42.41148,0.002,881.84851
2026-06-12 14:11:51,27,70,3718,42.41148,0.157,881.84851
2026-06-12 14:11:53,27,70,3718,42.41148,0.157,881.84851
2026-06-12 14:11:55,27,70,3729,42.41148,0.157,918.15051
2026-06-12 14:11:57,27,70,3729,42.41148,0.157,918.15051
2026-06-12 14:11:59,27,70,3729,42.41148,0.296,918.15051
2026-06-12 14:12:01,27,70,3734,42.41148,0.296,945.55408
2026-06-12 14:12:03,27,70,3734,42.41148,0.296,945.55408
2026-06-12 14:12:06,27,70,3734,42.41148,0.19,945.55408
2026-06-12 14:12:08,27,70,3723,42.41148,0.19,987.71265
2026-06-12 14:12:10,27,70,3723,42.41148,0.19,987.71265
2026-06-12 14:12:12,27,70,3723,42.41148,0.325,987.71265
2026-06-12 14:12:14,27,70,3737,42.41148,0.325,987.71265
2026-06-12 14:12:16,27,70,3737,42.41148,0.325,1013.39471
2026-06-12 14:12:18,27,70,3737,42.41148,0.325,1013.39471
2026-06-12 14:12:20,27,70,3737,42.41148,0.325,1013.39471
2026-06-12 14:12:23,27,70,3737,42.41148,0.325,1013.39471
2026-06-12 14:12:25,27,70,3737,42.41148,0.325,1013.39471
2026-06-12 14:12:27,27,70,3737,42.41148,1.672,1013.39471
2026-06-12 14:12:29,27,70,3744,42.41148,1.672,1013.39471
2026-06-12 14:12:31,27,70,3744,42.41148,1.672,1066.07996
2026-06-12 14:12:33,27,70,3744,42.41148,1.672,1066.07996
2026-06-12 14:12:36,27,70,3744,42.41148,1.672,1066.07996
2026-06-12 14:12:38,27,70,3744,42.41148,0.27,1066.07996
2026-06-12 14:12:40,27,70,3719,42.41148,0.27,880.96161
2026-06-12 14:12:42,27,70,3719,42.41148,0.27,880.96161
2026-06-12 14:12:44,27,70,3719,42.41148,0.27,880.96161
2026-06-12 14:12:46,27,70,3719,42.41148,0.315,880.96161
2026-06-12 14:12:48,27,70,3740,42.41148,0.315,813.61084
2026-06-12 14:12:51,27,70,3740,42.41148,0.315,813.61084
2026-06-12 14:12:53,27,70,3740,42.41148,0.141,813.61084
2026-06-12 14:12:55,27,70,3740,42.41148,0.141,813.61084
2026-06-12 14:12:57,27,70,3657,42.41148,0.141,840.67749
2026-06-12 14:12:59,27,70,3657,42.41148,0.141,840.67749
2026-06-12 14:13:01,27,70,3657,42.41148,1.58,840.67749
2026-06-12 14:13:03,27,70,3731,42.41148,1.58,840.67749
2026-06-12 14:13:05,27,70,3731,42.41148,1.58,948.44226
2026-06-12 14:13:08,27,70,3731,42.41148,1.58,948.44226
2026-06-12 14:13:10,27,70,3731,42.41148,1.58,948.44226
2026-06-12 14:13:12,27,70,3731,42.41148,0.019,948.44226
2026-06-12 14:13:14,27,70,3731,42.41148,0.019,948.44226
2026-06-12 14:13:16,27,70,3730,42.41148,0.019,948.44226
2026-06-12 14:13:18,27,70,3730,42.41148,0.019,952.80164
2026-06-12 14:13:20,27,70,3730,42.41148,0.019,952.80164
2026-06-12 14:13:22,27,70,3730,42.41148,0.229,952.80164
2026-06-12 14:13:25,27,70,3719,42.41148,0.229,952.80164
2026-06-12 14:13:27,27,70,3719,42.41148,0.229,984.67346
2026-06-12 14:13:29,27,70,3719,42.41148,0.229,984.67346
2026-06-12 14:13:31,27,70,3719,42.41148,0.15,984.67346
2026-06-12 14:13:33,27,70,3726,42.41148,0.15,916.54077
2026-06-12 14:13:36,27,70,3726,42.41148,0.15,916.54077
2026-06-12 14:13:38,27,70,3726,42.41148,0.121,916.54077
2026-06-12 14:13:40,27,70,3726,42.41148,0.121,916.54077
2026-06-12 14:13:42,27,70,3715,42.41148,0.121,947.28937
2026-06-12 14:13:44,27,70,3715,42.41148,0.121,947.28937
2026-06-12 14:13:46,27,70,3715,42.41148,0.229,947.28937
2026-06-12 14:13:48,27,70,3715,42.41148,0.229,947.28937
2026-06-12 14:13:50,27,70,3728,42.41148,0.229,915.98846
2026-06-12 14:13:53,27,70,3728,42.41148,0.229,915.98846
2026-06-12 14:13:55,27,70,3728,42.41148,0.244,915.98846
2026-06-12 14:13:57,27,70,3719,42.41148,0.244,996.44971
2026-06-12 14:13:59,27,70,3719,42.41148,0.91,996.44971
2026-06-12 14:14:01,27,70,3719,42.41148,0.91,996.44971
2026-06-12 14:14:03,27,70,3710,42.41148,0.91,893.41052
2026-06-12 14:14:05,27,70,3710,42.41148,0.28,893.41052
2026-06-12 14:14:08,27,70,3710,42.41148,0.28,893.41052
2026-06-12 14:14:10,27,70,3717,42.41148,0.28,921.16943
2026-06-12 14:14:12,27,70,3717,42.41148,0.28,921.16943
2026-06-12 14:14:14,27,70,3717,42.41148,0.155,921.16943
2026-06-12 14:14:16,27,70,3717,42.41148,0.155,921.16943
2026-06-12 14:14:18,27,70,3713,42.41148,0.155,961.26886
2026-06-12 14:14:20,27,70,3713,42.41148,0.155,961.26886
2026-06-12 14:14:22,27,70,3713,42.41148,0.161,961.26886
2026-06-12 14:14:25,27,70,3698,42.41148,0.161,961.26886
2026-06-12 14:14:27,27,70,3698,42.41148,0.161,953.8819
2026-06-12 14:14:29,27,70,3698,42.41148,0.161,953.8819
2026-06-12 14:14:31,27,70,3698,42.41148,0.958,953.8819
2026-06-12 14:14:33,27,70,3708,42.41148,0.958,931.51019
2026-06-12 14:14:35,27,70,3708,42.41148,0.958,931.51019
2026-06-12 14:14:37,27,70,3708,42.41148,0.958,931.51019
2026-06-12 14:14:40,27,70,3708,42.41148,0.077,931.51019
2026-06-12 14:14:42,27,70,3708,42.41148,0.077,931.51019
2026-06-12 14:14:44,27,70,3706,42.41148,0.077,923.08527
2026-06-12 14:14:46,27,70,3706,42.41148,0.077,923.08527
2026-06-12 14:14:48,27,70,3706,42.41148,0.077,923.08527
2026-06-12 14:14:51,27,70,3706,42.41148,0.488,923.08527
2026-06-12 14:14:53,27,70,3703,42.41148,0.488,861.49921
2026-06-12 14:14:55,27,70,3703,42.41148,0.488,861.49921
2026-06-12 14:14:57,27,70,3703,42.41148,0.026,861.49921
2026-06-12 14:14:59,27,70,3684,42.41148,0.026,861.49921
2026-06-12 14:15:02,27,70,3684,42.41148,0.026,911.29883
2026-06-12 14:15:04,27,70,3684,42.41148,0.026,911.29883
2026-06-12 14:15:06,27,70,3684,42.41148,0.311,911.29883
2026-06-12 14:15:08,27,70,3711,42.41148,0.311,893.32007
2026-06-12 14:15:10,27,70,3711,42.41148,0.311,893.32007
2026-06-12 14:15:13,27,70,3711,42.41148,2.383,893.32007
2026-06-12 14:15:15,27,70,3692,42.41148,2.383,893.32007
2026-06-12 14:15:17,27,70,3692,42.41148,2.383,910.28119
2026-06-12 14:15:19,27,70,3692,42.41148,1.059,910.28119
2026-06-12 14:15:21,27,70,3692,42.41148,1.059,910.28119
2026-06-12 14:15:24,27,70,3722,42.41148,1.059,878.86725
2026-06-12 14:15:26,27,70,3722,42.41148,1.059,878.86725
2026-06-12 14:15:28,27,70,3722,42.41148,0.961,878.86725
2026-06-12 14:15:30,27,70,3711,42.41148,0.961,887.87878
2026-06-12 14:15:32,27,70,3711,42.41148,0.961,887.87878
2026-06-12 14:15:35,27,70,3711,42.41148,0.961,887.87878
2026-06-12 14:15:37,27,70,3711,42.41148,0.04,887.87878
2026-06-12 14:15:39,27,70,3718,42.41148,0.04,887.87878
2026-06-12 14:15:41,27,70,3718,42.41148,0.04,917.8645
2026-06-12 14:15:43,27,70,3718,42.41148,0.04,917.8645
2026-06-12 14:15:45,27,70,3718,42.41148,0.01,917.8645
2026-06-12 14:15:48,27,70,3714,42.41148,0.01,939.74756
2026-06-12 14:15:50,27,70,3714,42.41148,0.01,939.74756
2026-06-12 14:15:52,27,70,3714,42.41148,0.184,939.74756
2026-06-12 14:15:54,27,70,3714,42.41148,0.184,939.74756
2026-06-12 14:15:56,27,70,3703,42.41148,0.184,994.2049
2026-06-12 14:15:59,27,70,3703,42.41148,0.184,994.2049
2026-06-12 14:16:01,27,70,3703,42.41148,0.228,994.2049
2026-06-12 14:16:03,27,70,3703,42.41148,0.228,994.2049
2026-06-12 14:16:05,27,70,3715,42.41148,0.228,971.289
2026-06-12 14:16:07,27,70,3715,42.41148,0.228,971.289
2026-06-12 14:16:10,27,70,3715,42.41148,1.777,971.289
2026-06-12 14:16:12,27,70,3715,42.41148,1.777,971.289
2026-06-12 14:16:14,27,70,3723,42.41148,1.777,1106.34839
2026-06-12 14:16:16,27,70,3723,42.41148,1.777,1106.34839
2026-06-12 14:16:19,27,70,3723,42.41148,1.777,1106.34839
2026-06-12 14:16:21,27,70,3723,42.41148,1.777,1106.34839
2026-06-12 14:16:23,27,70,3723,42.41148,0.131,1106.34839
2026-06-12 14:16:26,27,70,3723,42.41148,0.131,1106.34839
2026-06-12 14:16:28,27,70,3727,42.41148,0.131,1070.44824
2026-06-12 14:16:30,27,70,3727,42.41148,0.131,1070.44824
2026-06-12 14:16:33,27,70,3727,42.41148,0.131,1070.44824
2026-06-12 14:16:35,27,70,3727,42.41148,0.207,1070.44824
2026-06-12 14:16:37,27,70,3728,42.41148,0.207,1070.44824
2026-06-12 14:16:39,27,70,3728,42.41148,0.207,1022.01703
2026-06-12 14:16:41,27,70,3728,42.41148,0.207,1022.01703
2026-06-12 14:16:43,27,70,3728,42.41148,0.122,1022.01703
2026-06-12 14:16:46,27,70,3728,42.41148,0.122,1022.01703
2026-06-12 14:16:48,27,70,3719,42.41148,0.122,965.03497
2026-06-12 14:16:50,27,70,3719,42.41148,0.122,965.03497
2026-06-12 14:16:52,27,70,3719,42.41148,0.987,965.03497
2026-06-12 14:16:54,27,70,3719,42.41148,0.987,965.03497
2026-06-12 14:16:57,27,70,3728,42.41148,0.987,906.12109
2026-06-12 14:16:59,27,70,3728,42.41148,1.441,906.12109
2026-06-12 14:17:01,27,70,3728,42.41148,1.441,906.12109
2026-06-12 14:17:03,27,70,3733,42.41148,1.441,905.76172
2026-06-12 14:17:05,27,70,3733,42.41148,1.441,905.76172
2026-06-12 14:17:08,27,70,3733,42.41148,0.373,905.76172
2026-06-12 14:17:10,27,70,3725,42.41148,0.373,927.047
2026-06-12 14:17:12,27,70,3725,42.41148,0.373,927.047
2026-06-12 14:17:14,27,70,3725,42.41148,0.373,927.047
2026-06-12 14:17:16,27,70,3725,42.41148,1.869,927.047
2026-06-12 14:17:19,27,70,3728,42.41148,1.869,927.047
2026-06-12 14:17:21,27,70,3728,42.41148,1.869,998.54559
2026-06-12 14:17:23,27,70,3728,42.41148,1.869,998.54559
2026-06-12 14:17:25,27,70,3728,42.41148,0.869,998.54559
2026-06-12 14:17:27,27,70,3728,42.41148,0.869,998.54559
2026-06-12 14:17:29,27,70,3728,42.41148,0.869,998.54559
2026-06-12 14:17:32,27,70,3728,42.41148,0.869,998.54559
2026-06-12 14:17:34,27,70,3728,42.41148,0.869,998.54559
2026-06-12 14:17:36,27,70,3728,42.41148,0.869,998.54559
2026-06-12 14:17:38,27,70,3728,42.41148,0.869,998.54559
2026-06-12 14:17:40,27,70,3728,42.41148,0.869,998.54559
2026-06-12 14:17:43,27,70,3748,42.41148,0.869,998.54559
2026-06-12 14:17:45,27,70,3748,42.41148,0.869,966.0238
2026-06-12 14:17:47,27,70,3748,42.41148,0.869,966.0238
2026-06-12 14:17:49,27,70,3748,42.41148,0.014,966.0238
2026-06-12 14:17:51,27,70,3744,42.41148,0.014,942.73651
2026-06-12 14:17:53,27,70,3744,42.41148,0.296,942.73651
2026-06-12 14:17:56,27,70,3730,42.41148,0.296,840.16132
2026-06-12 14:17:58,27,70,3730,42.41148,0.627,840.16132
2026-06-12 14:18:00,27,70,3738,42.41148,0.627,856.50134
2026-06-12 14:18:02,27,70,3738,42.41148,0.627,856.50134
2026-06-12 14:18:04,27,70,3738,42.41148,0.049,856.50134
2026-06-12 14:18:07,27,70,3734,42.41148,0.049,873.6546
2026-06-12 14:18:09,27,70,3734,42.41148,0.049,873.6546
2026-06-12 14:18:11,27,70,3734,42.41148,0.127,873.6546
2026-06-12 14:18:13,27,70,3729,42.41148,0.127,873.6546
2026-06-12 14:18:15,27,70,3729,42.41148,0.127,873.6546
2026-06-12 14:18:18,27,70,3729,42.41148,0.127,910.44141
2026-06-12 14:18:20,27,70,3729,42.41148,0.127,910.44141
2026-06-12 14:18:22,27,70,3729,42.41148,0.059,910.44141
2026-06-12 14:18:24,27,70,3766,42.41148,0.059,910.44141
2026-06-12 14:18:26,27,70,3766,42.41148,0.059,1403.12561
2026-06-12 14:18:29,27,70,3766,42.41148,0.701,1403.12561
2026-06-12 14:18:31,27,70,3728,42.41148,0.701,1740.09387
2026-06-12 14:18:33,27,70,3728,42.41148,0.1,1740.09387
2026-06-12 14:18:35,27,70,3728,42.41148,0.1,1465.48279
2026-06-12 14:18:37,27,70,3728,42.41148,0.003,1465.48279
2026-06-12 14:18:40,27,70,3726,42.41148,0.003,1717.57812
2026-06-12 14:18:42,27,70,3726,42.41148,0.0,1717.57812
2026-06-12 14:18:44,27,70,3726,42.41148,0.0,1717.57812
2026-06-12 14:18:46,27,70,3726,42.41148,0.0,1572.46094
2026-06-12 14:18:48,27,70,3726,42.41148,0.006,1572.46094
2026-06-12 14:18:51,27,70,3703,42.41148,0.006,1218.75
2026-06-12 14:18:53,27,70,3703,42.41148,0.006,1218.75
2026-06-12 14:18:55,27,70,3703,42.41148,0.002,1218.75
2026-06-12 14:18:57,27,70,3706,42.41148,0.002,1177.21265
2026-06-12 14:18:59,27,70,3706,42.41148,1.613,1177.21265
2026-06-12 14:19:02,27,70,3699,42.41148,1.613,1208.50281
2026-06-12 14:19:04,27,70,3699,42.41148,0.007,1208.50281
2026-06-12 14:19:06,27,70,3711,42.41148,0.007,1154.83215
2026-06-12 14:19:08,27,70,3711,42.41148,0.007,1154.83215
2026-06-12 14:19:10,27,70,3711,42.41148,0.0,1154.83215
2026-06-12 14:19:12,27,70,3712,42.41148,0.0,1078.59509
2026-06-12 14:19:15,27,70,3712,42.41148,0.3,1078.59509
2026-06-12 14:19:17,27,70,3712,42.41148,0.3,1078.59509
2026-06-12 14:19:19,27,70,3721,42.41148,0.3,1043.40247
2026-06-12 14:19:21,27,70,3721,42.41148,0.29,1043.40247
2026-06-12 14:19:23,27,70,3702,42.41148,0.29,1067.96936
2026-06-12 14:19:26,27,70,3702,42.41148,0.338,1067.96936
2026-06-12 14:19:28,27,70,3707,42.41148,0.338,965.82159
2026-06-12 14:19:30,27,70,3707,42.41148,0.005,965.82159
2026-06-12 14:19:32,27,70,3700,42.41148,0.005,949.1676
2026-06-12 14:19:34,27,70,3700,42.41148,0.317,949.1676
2026-06-12 14:19:37,27,70,3700,42.41148,0.317,949.1676
2026-06-12 14:19:39,27,70,3699,42.41148,0.317,905.18921
2026-06-12 14:19:41,27,70,3699,42.41148,0.406,905.18921
2026-06-12 14:19:43,27,70,3707,42.41148,0.406,933.12476
2026-06-12 14:19:45,27,70,3707,42.41148,0.759,933.12476
2026-06-12 14:19:47,27,70,3707,42.41148,0.759,933.12476
2026-06-12 14:19:50,27,70,3709,42.41148,0.759,845.31061
2026-06-12 14:19:52,27,70,3709,42.41148,0.146,845.31061
2026-06-12 14:19:54,27,70,3704,42.41148,0.146,845.38696
2026-06-12 14:19:56,27,70,3704,42.41148,0.146,845.38696
2026-06-12 14:19:59,27,70,3704,-0.58564,0.04,845.38696
2026-06-12 14:20:01,27,70,3696,-0.58564,0.04,916.32996
2026-06-12 14:20:03,27,70,3696,42.41148,0.761,916.32996
2026-06-12 14:20:05,27,70,3699,42.41148,0.761,910.52631
2026-06-12 14:20:07,27,70,3699,42.41148,1.689,910.52631
2026-06-12 14:20:10,27,70,3699,42.41148,1.689,910.52631
2026-06-12 14:20:12,27,70,3711,42.41148,1.689,833.8855
2026-06-12 14:20:14,27,70,3711,42.41148,1.27,833.8855
2026-06-12 14:20:16,27,70,3710,42.41148,1.27,937.89874
2026-06-12 14:20:18,27,70,3710,42.41148,0.207,937.89874
2026-06-12 14:20:21,27,70,3681,42.41148,0.207,942.20142
2026-06-12 14:20:24,27,70,3681,42.41148,0.002,942.20142
2026-06-12 14:20:26,27,70,3672,42.41148,0.002,903.25006
2026-06-12 14:20:28,27,70,3672,42.41148,0.377,903.25006
2026-06-12 14:20:30,27,70,3675,42.41148,0.377,903.25006
2026-06-12 14:20:33,27,70,3675,42.41148,0.377,917.98944
2026-06-12 14:20:35,27,70,3675,42.41148,0.061,917.98944
2026-06-12 14:20:37,27,70,3679,42.41148,0.061,889.90826
2026-06-12 14:20:39,27,70,3679,42.41148,0.156,889.90826
2026-06-12 14:20:41,27,70,3674,42.41148,0.156,870.00848
2026-06-12 14:20:44,27,70,3674,42.41148,0.434,870.00848
2026-06-12 14:20:46,27,70,3698,42.41148,0.434,831.97723
2026-06-12 14:20:48,27,70,3698,42.41148,0.434,831.97723
2026-06-12 14:20:50,27,70,3698,42.41148,0.003,831.97723
2026-06-12 14:20:52,27,70,3697,42.41148,0.003,796.83337
2026-06-12 14:20:54,27,70,3697,42.41148,0.218,796.83337
2026-06-12 14:20:57,27,70,3697,42.41148,0.218,796.83337
2026-06-12 14:20:59,27,70,3698,42.41148,0.218,812.30469
2026-06-12 14:21:01,27,70,3698,42.41148,0.004,812.30469
2026-06-12 14:21:03,27,70,3710,42.41148,0.004,847.88129
2026-06-12 14:21:06,27,70,3710,42.41148,0.137,847.88129
2026-06-12 14:21:08,27,70,3702,42.41148,0.137,905.50439
2026-06-12 14:21:10,27,70,3702,42.41148,0.137,905.50439
2026-06-12 14:21:12,27,70,3702,42.41148,0.689,905.50439
2026-06-12 14:21:15,27,70,3684,42.41148,0.689,894.47992
2026-06-12 14:21:17,27,70,3684,-0.58564,0.351,894.47992
2026-06-12 14:21:19,27,70,3693,-0.58564,0.351,1203.90625
2026-06-12 14:21:21,27,70,3693,42.41148,0.069,1203.90625
2026-06-12 14:21:23,27,70,3711,42.41148,0.069,1203.90625
2026-06-12 14:21:25,27,70,3711,42.41148,0.069,1093.99854
2026-06-12 14:21:28,27,70,3711,42.41148,0.002,1093.99854
2026-06-12 14:21:30,27,70,3714,42.41148,0.002,943.14569
2026-06-12 14:21:32,27,70,3714,42.41148,0.07,943.14569
2026-06-12 14:21:34,27,70,3713,42.41148,0.07,1031.97327
2026-06-12 14:21:36,27,70,3713,42.41148,0.354,1031.97327
2026-06-12 14:21:39,27,70,3713,42.41148,0.354,1031.97327
2026-06-12 14:21:41,27,70,3695,42.41148,0.354,1004.29688
2026-06-12 14:21:43,27,70,3695,42.41148,1.046,1004.29688
2026-06-12 14:21:45,27,70,3719,42.41148,1.046,935.22345
2026-06-12 14:21:47,27,70,3719,42.41148,0.663,935.22345
2026-06-12 14:21:50,27,70,3725,42.41148,0.663,912.23615
2026-06-12 14:21:52,27,70,3725,42.41148,0.663,912.23615
2026-06-12 14:21:54,27,70,3725,42.41148,3.52,912.23615
2026-06-12 14:21:56,27,70,3714,42.41148,3.52,861.20312
2026-06-12 14:21:58,27,70,3714,42.41148,3.52,861.20312
2026-06-12 14:22:00,27,70,3714,42.41148,0.002,861.20312
2026-06-12 14:22:03,27,70,3727,42.41148,0.002,835.00885
2026-06-12 14:22:05,27,70,3727,-2.59904,3.776,835.00885
2026-06-12 14:22:07,27,70,3730,-2.59904,3.776,851.40826
2026-06-12 14:22:09,27,70,3730,42.41148,0.205,851.40826
2026-06-12 14:22:12,27,70,3725,42.41148,0.205,909.03754
2026-06-12 14:22:14,27,70,3725,42.41148,0.131,909.03754
2026-06-12 14:22:16,27,70,3725,42.41148,0.131,909.03754
2026-06-12 14:22:18,27,70,3724,42.41148,0.131,859.6134
2026-06-12 14:22:20,27,70,3724,42.41148,3.316,859.6134
2026-06-12 14:22:22,27,70,3743,42.41148,3.316,837.63513
2026-06-12 14:22:25,27,70,3743,42.41148,3.316,837.63513
2026-06-12 14:22:27,27,70,3743,42.41148,0.002,837.63513
2026-06-12 14:22:29,27,70,3751,42.41148,0.002,837.63513
2026-06-12 14:22:31,27,70,3751,42.41148,0.002,820.78101
2026-06-12 14:22:33,27,70,3751,42.41148,0.002,820.78101
2026-06-12 14:22:36,27,70,3751,42.41148,0.223,820.78101
2026-06-12 14:22:38,27,70,3724,42.41148,0.223,876.69562
2026-06-12 14:22:40,27,70,3724,42.41148,0.045,876.69562
2026-06-12 14:22:42,27,70,3724,42.41148,0.045,876.69562
2026-06-12 14:22:45,27,70,3734,42.41148,0.045,866.22235
2026-06-12 14:22:47,27,70,3734,42.41148,0.04,866.22235
2026-06-12 14:22:49,27,70,3732,42.41148,0.04,892.65027
2026-06-12 14:22:51,27,70,3732,42.41148,0.04,892.65027
2026-06-12 14:22:53,27,70,3732,42.41148,0.205,892.65027
2026-06-12 14:22:55,27,70,3723,42.41148,0.205,955.26031
2026-06-12 14:22:58,27,70,3723,42.41148,0.205,955.26031
2026-06-12 14:23:00,27,70,3723,42.41148,0.673,955.26031
2026-06-12 14:23:02,27,70,3728,42.41148,0.673,878.36145
2026-06-12 14:23:04,27,70,3728,42.41148,0.673,878.36145
2026-06-12 14:23:06,27,70,3728,42.41148,0.315,878.36145
2026-06-12 14:23:09,27,70,3733,42.41148,0.315,866.35382
2026-06-12 14:23:11,27,70,3733,42.41148,0.385,866.35382
2026-06-12 14:23:13,27,70,3733,42.41148,0.385,866.35382
2026-06-12 14:23:15,27,70,3703,42.41148,0.385,838.61926
2026-06-12 14:23:17,27,70,3703,42.41148,0.005,838.61926
2026-06-12 14:23:20,27,70,3679,42.41148,0.005,839.38055
2026-06-12 14:23:22,27,70,3679,42.41148,0.117,839.38055
2026-06-12 14:23:24,27,70,3682,42.41148,0.117,812.65295
2026-06-12 14:23:26,27,70,3682,42.41148,0.17,812.65295
2026-06-12 14:23:28,27,70,3685,42.41148,0.17,812.65295
2026-06-12 14:23:30,27,70,3685,42.41148,0.17,887.5
2026-06-12 14:23:33,27,70,3685,42.41148,0.365,887.5
2026-06-12 14:23:35,27,70,3678,42.41148,0.365,900.30518
2026-06-12 14:23:37,27,70,3678,42.41148,0.116,900.30518
2026-06-12 14:23:39,27,70,3687,42.41148,0.116,859.40997
2026-06-12 14:23:41,27,70,3687,-1.53413,0.426,859.40997
2026-06-12 14:23:44,27,70,3685,-1.53413,0.426,866.15137
2026-06-12 14:23:46,27,70,3685,-1.53413,0.426,866.15137
2026-06-12 14:23:48,27,70,3685,-1.53413,0.426,866.15137
2026-06-12 14:23:50,27,70,3685,42.41148,0.198,866.15137
2026-06-12 14:23:52,27,70,3710,42.41148,0.198,842.39795
2026-06-12 14:23:54,27,70,3710,42.41148,0.002,842.39795
2026-06-12 14:23:57,27,70,3688,42.41148,0.002,855.90833
2026-06-12 14:23:59,27,70,3688,42.41148,0.25,855.90833
2026-06-12 14:24:01,27,70,3682,42.41148,0.25,895.46472
2026-06-12 14:24:03,27,70,3682,42.41148,0.25,895.46472
2026-06-12 14:24:05,27,70,3682,42.41148,0.038,895.46472
2026-06-12 14:24:08,27,70,3685,42.41148,0.038,869.04315
2026-06-12 14:24:10,27,70,3685,42.41148,0.862,869.04315
2026-06-12 14:24:12,27,70,3697,42.41148,0.862,909.26172
2026-06-12 14:24:14,27,70,3697,42.41148,0.076,909.26172
2026-06-12 14:24:17,27,70,3691,42.41148,0.076,1191.12341
2026-06-12 14:24:19,27,70,3691,42.41148,0.286,1191.12341
2026-06-12 14:24:21,27,70,3691,42.41148,0.286,1191.12341
2026-06-12 14:24:23,27,70,3668,42.41148,0.286,1090.85583
2026-06-12 14:24:25,27,70,3668,42.41148,0.002,1090.85583
2026-06-12 14:24:28,27,70,3678,42.41148,0.002,981.07684
2026-06-12 14:24:30,27,70,3678,42.41148,0.133,981.07684
2026-06-12 14:24:32,27,70,3669,42.41148,0.133,962.92523
2026-06-12 14:24:34,27,70,3669,42.41148,0.133,962.92523
2026-06-12 14:24:36,27,70,3669,42.41148,0.138,962.92523
2026-06-12 14:24:39,27,70,3669,42.41148,0.138,962.92523
2026-06-12 14:24:41,27,70,3693,42.41148,0.138,960.67566
2026-06-12 14:24:43,27,70,3693,42.41148,0.201,960.67566
2026-06-12 14:24:46,27,70,3692,42.41148,0.201,943.33618
2026-06-12 14:24:48,27,70,3692,42.41148,0.293,943.33618
2026-06-12 14:24:50,27,70,3667,42.41148,0.293,939.89893
2026-06-12 14:24:52,27,70,3667,42.41148,0.135,939.89893
2026-06-12 14:24:54,27,70,3682,42.41148,0.135,1020.91577
2026-06-12 14:24:57,27,70,3682,42.41148,0.074,1020.91577
2026-06-12 14:24:59,27,70,3682,42.41148,0.074,1020.91577
2026-06-12 14:25:01,27,70,3671,42.41148,0.074,933.78906
2026-06-12 14:25:03,27,70,3671,42.41148,0.122,933.78906
2026-06-12 14:25:05,27,70,3701,42.41148,0.122,872.49048
2026-06-12 14:25:08,27,70,3701,42.41148,0.122,872.49048
2026-06-12 14:25:10,27,70,3701,42.41148,2.028,872.49048
2026-06-12 14:25:12,27,70,3696,42.41148,2.028,1029.14722
2026-06-12 14:25:14,27,70,3696,42.41148,0.117,1029.14722
2026-06-12 14:25:17,27,70,3692,42.41148,0.117,993.52051
2026-06-12 14:25:19,27,70,3692,42.41148,0.117,993.52051
2026-06-12 14:25:21,27,70,3692,42.41148,2.229,993.52051
2026-06-12 14:25:23,27,70,3707,42.41148,2.229,992.91113
2026-06-12 14:25:25,27,70,3707,42.41148,0.276,992.91113
2026-06-12 14:25:28,27,70,3682,42.41148,0.276,970.52441
2026-06-12 14:25:30,27,70,3682,42.41148,0.276,970.52441
2026-06-12 14:25:32,27,70,3682,42.41148,0.679,970.52441
2026-06-12 14:25:34,27,70,3680,42.41148,0.679,1003.48676
2026-06-12 14:25:36,27,70,3680,42.41148,0.003,1003.48676
2026-06-12 14:25:39,27,70,3658,42.41148,0.003,958.37756
2026-06-12 14:25:41,27,70,3658,42.41148,1.402,958.37756
2026-06-12 14:25:43,27,70,3658,42.41148,1.402,958.37756
2026-06-12 14:25:45,27,70,3664,42.41148,1.402,952.91248
2026-06-12 14:25:47,27,70,3664,42.41148,0.171,952.91248
2026-06-12 14:25:49,27,70,3661,42.41148,0.171,975.39447
2026-06-12 14:25:52,27,70,3661,42.41148,0.006,975.39447
2026-06-12 14:25:54,27,70,3661,42.41148,0.006,975.39447
2026-06-12 14:25:56,27,70,3648,42.41148,0.006,977.11926
2026-06-12 14:25:58,27,70,3648,42.41148,0.025,977.11926
2026-06-12 14:26:00,27,70,3647,42.41148,0.025,1100.72668
2026-06-12 14:26:03,27,70,3647,42.41148,0.094,1100.72668
2026-06-12 14:26:05,27,70,3650,42.41148,0.094,841.82611
2026-06-12 14:26:07,27,70,3650,42.41148,0.385,841.82611
2026-06-12 14:26:09,27,70,3650,42.41148,0.385,841.82611
2026-06-12 14:26:11,27,70,3643,42.41148,0.385,848.15985
2026-06-12 14:26:13,27,70,3643,42.41148,0.002,848.15985
2026-06-12 14:26:15,27,70,3673,42.41148,0.002,902.66992
2026-06-12 14:26:18,27,70,3673,42.41148,0.304,902.66992
2026-06-12 14:26:20,27,70,3662,42.41148,0.304,950.60522
2026-06-12 14:26:22,27,70,3662,42.41148,0.253,950.60522
2026-06-12 14:26:24,27,70,3662,42.41148,0.253,950.60522
2026-06-12 14:26:26,27,70,3657,42.41148,0.253,902.93115
2026-06-12 14:26:28,27,70,3657,42.41148,0.003,902.93115
2026-06-12 14:26:31,27,70,3654,42.41148,0.003,909.68268
2026-06-12 14:26:33,27,70,3654,42.41148,0.136,909.68268
2026-06-12 14:26:35,27,70,3668,42.41148,0.136,905.73248
2026-06-12 14:26:37,27,70,3668,42.41148,1.963,905.73248
2026-06-12 14:26:39,27,70,3671,42.41148,1.963,919.44672
2026-06-12 14:26:41,27,70,3671,42.41148,0.085,919.44672
2026-06-12 14:26:43,27,70,3709,42.41148,0.085,919.44672
2026-06-12 14:26:46,27,70,3709,42.41148,0.085,908.72424
2026-06-12 14:26:48,27,70,3709,42.41148,0.293,908.72424
2026-06-12 14:26:50,27,70,3710,42.41148,0.293,989.18542
2026-06-12 14:26:52,27,70,3710,42.41148,0.233,989.18542
2026-06-12 14:26:54,27,70,3678,42.41148,0.233,989.18542
2026-06-12 14:26:56,27,70,3678,42.41148,0.233,959.62671
2026-06-12 14:26:59,27,70,3678,42.41148,0.016,959.62671
2026-06-12 14:27:01,27,70,3692,42.41148,0.016,908.36108
2026-06-12 14:27:03,27,70,3692,42.41148,0.845,908.36108
2026-06-12 14:27:05,27,70,3695,42.41148,0.845,906.85443
2026-06-12 14:27:07,27,70,3695,42.41148,0.845,906.85443
2026-06-12 14:27:09,27,70,3695,42.41148,0.174,906.85443
2026-06-12 14:27:11,27,70,3695,42.41148,0.174,910.47205
2026-06-12 14:27:14,27,70,3695,42.41148,0.294,910.47205
2026-06-12 14:27:16,27,70,3684,42.41148,0.294,913.88403
2026-06-12 14:27:18,27,70,3684,42.41148,0.087,913.88403
2026-06-12 14:27:20,27,70,3684,42.41148,0.087,913.88403
2026-06-12 14:27:23,27,70,3707,42.41148,0.087,913.88403
2026-06-12 14:27:25,27,70,3707,42.41148,0.087,909.29706
2026-06-12 14:27:27,27,70,3707,42.41148,0.087,909.29706
2026-06-12 14:27:29,27,70,3711,42.41148,0.087,909.29706
2026-06-12 14:27:31,27,70,3711,42.41148,0.087,965.82031
2026-06-12 14:27:33,27,70,3711,-2.98515,0.159,965.82031
2026-06-12 14:27:35,27,70,3699,-2.98515,0.159,900.01807
2026-06-12 14:27:38,27,70,3699,42.41148,0.519,900.01807
2026-06-12 14:27:40,27,70,3702,42.41148,0.519,900.01807
2026-06-12 14:27:42,27,70,3702,42.41148,0.519,913.18768
2026-06-12 14:27:44,27,70,3702,42.41148,0.135,913.18768
2026-06-12 14:27:46,27,70,3679,42.41148,0.135,955.02539
2026-06-12 14:27:49,27,70,3679,42.41148,0.346,955.02539
2026-06-12 14:27:51,27,70,3679,42.41148,0.346,955.02539
2026-06-12 14:27:53,27,70,3703,42.41148,0.346,966.9751
2026-06-12 14:27:55,27,70,3703,42.41148,0.199,966.9751
2026-06-12 14:27:57,27,70,3703,42.41148,0.199,966.9751
2026-06-12 14:27:59,27,70,3722,42.41148,0.199,912.11267
2026-06-12 14:28:02,27,70,3722,42.41148,0.199,912.11267
2026-06-12 14:28:04,27,70,3722,42.41148,0.038,912.11267
2026-06-12 14:28:06,27,70,3717,42.41148,0.038,937.62799
2026-06-12 14:28:08,27,70,3717,42.41148,0.182,937.62799
2026-06-12 14:28:10,27,70,3717,42.41148,0.182,937.62799
2026-06-12 14:28:12,27,70,3709,42.41148,0.182,960.77472
2026-06-12 14:28:15,27,70,3709,42.41148,1.777,960.77472
2026-06-12 14:28:17,27,70,3709,42.41148,1.777,960.77472
2026-06-12 14:28:19,27,70,3717,42.41148,1.777,970.1095
2026-06-12 14:28:21,27,70,3717,-2.98515,0.418,970.1095
2026-06-12 14:28:23,27,70,3717,-2.98515,0.418,970.1095
2026-06-12 14:28:25,27,70,3706,-2.98515,0.418,976.26263
2026-06-12 14:28:27,27,70,3706,42.41148,0.962,976.26263
2026-06-12 14:28:30,27,70,3709,42.41148,0.962,917.16406
2026-06-12 14:28:32,27,70,3709,42.41148,0.962,917.16406
2026-06-12 14:28:34,27,70,3709,42.41148,0.0,917.16406
2026-06-12 14:28:36,27,70,3711,42.41148,0.0,953.97491
2026-06-12 14:28:38,27,70,3711,42.41148,0.0,953.97491
2026-06-12 14:28:40,27,70,3711,42.41148,0.0,953.97491
2026-06-12 14:28:43,27,70,3711,42.41148,0.0,953.97491
2026-06-12 14:28:45,27,70,3729,42.41148,0.0,949.23187
2026-06-12 14:28:47,27,70,3729,42.41148,0.0,949.23187
2026-06-12 14:28:49,27,70,3729,42.41148,0.959,949.23187
2026-06-12 14:28:51,27,70,3725,42.41148,0.959,936.52344
2026-06-12 14:28:53,27,70,3725,42.41148,0.959,936.52344
2026-06-12 14:28:55,27,70,3725,42.41148,0.278,936.52344
2026-06-12 14:28:58,27,70,3708,42.41148,0.278,969.02356
2026-06-12 14:29:00,27,70,3708,42.41148,1.31,969.02356
2026-06-12 14:29:02,27,70,3708,42.41148,1.31,969.02356
2026-06-12 14:29:04,27,70,3720,42.41148,1.31,942.21063
2026-06-12 14:29:06,27,70,3720,42.41148,0.0,942.21063
2026-06-12 14:29:08,27,70,3714,42.41148,0.0,942.21063
2026-06-12 14:29:10,27,70,3714,42.41148,0.0,984.65295
2026-06-12 14:29:13,27,70,3714,42.41148,0.228,984.65295
2026-06-12 14:29:15,27,70,3719,42.41148,0.228,984.65295
2026-06-12 14:29:17,27,70,3719,42.41148,0.228,923.56592
2026-06-12 14:29:19,27,70,3719,42.41148,0.337,923.56592
2026-06-12 14:29:21,27,70,3722,42.41148,0.337,1006.05823
2026-06-12 14:29:23,27,70,3722,42.41148,0.948,1006.05823
2026-06-12 14:29:26,27,70,3749,42.41148,0.948,1006.05823
2026-06-12 14:29:28,27,70,3749,42.41148,0.948,957.02283
2026-06-12 14:29:30,27,70,3749,42.41148,0.317,957.02283
2026-06-12 14:29:32,27,70,3744,42.41148,0.317,1063.64124
2026-06-12 14:29:34,27,70,3744,42.41148,0.141,1063.64124
2026-06-12 14:29:36,27,70,3744,42.41148,0.141,1063.64124
2026-06-12 14:29:38,27,70,3728,42.41148,0.141,1076.63806
2026-06-12 14:29:41,27,70,3728,42.41148,1.53,1076.63806
2026-06-12 14:29:43,27,70,3740,42.41148,1.53,957.38531
2026-06-12 14:29:45,27,70,3740,42.41148,1.53,957.38531
2026-06-12 14:29:47,27,70,3740,42.41148,0.074,957.38531
2026-06-12 14:29:49,27,70,3727,42.41148,0.074,1026.46667
2026-06-12 14:29:51,27,70,3727,42.41148,0.007,1026.46667
2026-06-12 14:30:03,27,70,3765,42.41148,0.233,992.11804
2026-06-12 14:30:06,27,70,3765,42.41148,0.233,1016.33417
2026-06-12 14:30:11,27,70,3765,42.41148,0.233,1016.33417
2026-06-12 14:30:14,27,70,3765,42.41148,0.233,1016.33417
2026-06-12 14:30:17,27,70,3765,42.41148,0.233,1016.33417
2026-06-12 14:30:21,27,70,3765,42.41148,4.181,1016.33417
2026-06-12 14:30:23,27,70,3774,42.41148,4.181,1016.33417
2026-06-12 14:30:26,27,70,3774,42.41148,4.181,1051.41431
2026-06-12 14:30:30,27,70,3774,42.41148,4.181,1051.41431
2026-06-12 14:30:33,27,70,3774,42.41148,0.042,1051.41431
2026-06-12 14:30:36,27,70,3766,42.41148,0.042,1064.14624
2026-06-12 14:30:38,27,70,3766,42.41148,0.042,1064.14624
2026-06-12 14:30:41,27,70,3766,42.41148,0.155,1064.14624
2026-06-12 14:30:43,27,70,3752,42.41148,0.155,1057.30286
2026-06-12 14:30:45,27,70,3752,42.41148,0.721,1057.30286
2026-06-12 14:30:47,27,70,3723,42.41148,0.721,1099.02344
2026-06-12 14:30:49,27,70,3723,42.41148,0.254,1099.02344
2026-06-12 14:30:52,27,70,3732,42.41148,0.254,1066.35596
2026-06-12 14:30:54,27,70,3732,42.41148,0.137,1066.35596
2026-06-12 14:30:56,27,70,3732,42.41148,0.137,1066.35596
2026-06-12 14:30:58,27,70,3736,42.41148,0.137,975.58496
2026-06-12 14:31:01,27,70,3736,42.41148,1.322,975.58496
2026-06-12 14:31:03,27,70,3733,42.41148,1.322,1152.79761
2026-06-12 14:31:05,27,70,3733,42.41148,1.146,1152.79761
2026-06-12 14:31:07,27,70,3732,42.41148,1.146,937.69531
2026-06-12 14:31:09,27,70,3732,-1.8748,0.177,937.69531
2026-06-12 14:31:12,27,70,3728,-1.8748,0.177,935.70703
2026-06-12 14:31:14,27,70,3728,42.41148,0.084,935.70703
2026-06-12 14:31:16,27,70,3757,42.41148,0.084,935.70703
2026-06-12 14:31:18,27,70,3757,42.41148,0.084,870.94037
2026-06-12 14:31:21,27,70,3757,42.41148,0.353,870.94037
2026-06-12 14:31:23,27,70,3735,42.41148,0.353,857.98578
2026-06-12 14:31:25,27,70,3735,42.41148,0.363,857.98578
2026-06-12 14:31:27,27,70,3735,42.41148,0.363,860.15625
2026-06-12 14:31:29,27,70,3735,-1.20632,0.117,860.15625
2026-06-12 14:31:32,27,70,3759,-1.20632,0.117,814.47675
2026-06-12 14:31:34,27,70,3759,42.41148,0.115,814.47675
2026-06-12 14:31:36,27,70,3748,42.41148,0.115,814.47675
2026-06-12 14:31:39,27,70,3748,42.41148,0.115,836.24414
2026-06-12 14:31:42,27,70,3748,42.41148,0.024,836.24414
2026-06-12 14:31:45,27,70,3764,42.41148,0.024,844.36035
2026-06-12 14:31:47,27,70,3764,42.41148,0.024,844.36035
2026-06-12 14:31:49,27,70,3764,42.41148,0.112,844.36035
2026-06-12 14:31:52,27,70,3741,42.41148,0.112,839.79846
2026-06-12 14:31:56,27,70,3741,42.41148,0.112,839.79846
2026-06-12 14:31:59,27,70,3741,42.41148,0.057,839.79846
2026-06-12 14:32:01,27,70,3774,42.41148,0.057,890.61877
2026-06-12 14:32:03,27,70,3774,42.41148,0.048,890.61877
2026-06-12 14:32:06,27,70,3734,42.41148,0.048,868.1319
2026-06-12 14:32:08,27,70,3734,42.41148,1.403,868.1319
2026-06-12 14:32:10,27,70,3738,42.41148,1.403,899.0459
2026-06-12 14:32:12,27,70,3738,42.41148,0.002,899.0459
2026-06-12 14:32:15,27,70,3738,42.41148,0.002,899.0459
2026-06-12 14:32:17,27,70,3756,42.41148,0.002,923.21942
2026-06-12 14:32:19,27,70,3756,42.41148,1.372,923.21942
2026-06-12 14:32:21,27,70,3740,42.41148,1.372,874.76062
2026-06-12 14:32:24,27,70,3740,-0.89044,0.002,874.76062
2026-06-12 14:32:26,27,70,3736,-0.89044,0.002,857.49896
2026-06-12 14:32:28,27,70,3736,-0.89044,0.002,857.49896
2026-06-12 14:32:31,27,70,3736,42.41148,0.239,857.49896
2026-06-12 14:32:35,27,70,3727,42.41148,0.239,849.66864
2026-06-12 14:32:39,27,70,3727,42.41148,0.239,849.66864
2026-06-12 14:32:42,27,70,3727,42.41148,0.239,849.66864
2026-06-12 14:32:46,27,70,3727,42.41148,0.239,849.66864
2026-06-12 14:32:50,27,70,3727,42.41148,0.239,849.66864
2026-06-12 14:32:52,27,70,3727,42.41148,0.241,849.66864
2026-06-12 14:32:55,27,70,3741,42.41148,0.241,849.66864
2026-06-12 14:32:57,27,70,3741,42.41148,0.241,1054.25134
2026-06-12 14:33:00,27,70,3741,42.41148,0.002,1054.25134
2026-06-12 14:33:03,27,70,3725,42.41148,0.002,1056.71899
2026-06-12 14:33:07,27,70,3725,42.41148,0.002,1056.71899
2026-06-12 14:33:09,27,70,3725,42.41148,0.002,1056.71899
2026-06-12 14:33:12,27,70,3725,42.41148,0.042,1056.71899
2026-06-12 14:33:14,27,70,3727,42.41148,0.042,964.70026
2026-06-12 14:33:16,27,70,3727,42.41148,0.098,964.70026
2026-06-12 14:33:19,27,70,3709,42.41148,0.098,864.62201
2026-06-12 14:33:22,27,70,3709,42.41148,0.098,864.62201
2026-06-12 14:33:27,27,70,3709,42.41148,0.098,864.62201
2026-06-12 14:33:31,27,70,3709,42.41148,0.098,864.62201
2026-06-12 14:33:33,27,70,3709,42.41148,0.098,864.62201
2026-06-12 14:33:36,27,70,3709,42.41148,3.497,864.62201
2026-06-12 14:33:38,27,70,3737,42.41148,3.497,887.36743
2026-06-12 14:33:41,27,70,3737,42.41148,0.228,887.36743
2026-06-12 14:33:45,27,70,3701,42.41148,0.228,840.94427
2026-06-12 14:33:49,27,70,3701,42.41148,0.228,840.94427
2026-06-12 14:33:52,27,70,3701,42.41148,0.228,840.94427
2026-06-12 14:33:55,27,70,3701,42.41148,0.228,840.94427
2026-06-12 14:33:57,27,70,3701,42.41148,1.047,840.94427
2026-06-12 14:34:00,27,70,3701,42.41148,1.047,840.94427
2026-06-12 14:34:02,27,70,3758,42.41148,1.047,849.15875
2026-06-12 14:34:05,27,70,3758,42.41148,1.047,849.15875
2026-06-12 14:34:07,27,70,3758,42.41148,0.002,849.15875
2026-06-12 14:34:09,27,70,3743,42.41148,0.002,897.2063
2026-06-12 14:34:12,27,70,3743,42.41148,0.131,897.2063
2026-06-12 14:34:14,27,70,3743,42.41148,0.131,897.2063
2026-06-12 14:34:16,27,70,3723,42.41148,0.131,884.86371
2026-06-12 14:34:19,27,70,3723,42.41148,0.202,884.86371
2026-06-12 14:34:21,27,70,3751,42.41148,0.202,909.47443
2026-06-12 14:34:23,27,70,3751,42.41148,0.202,909.47443
2026-06-12 14:34:25,27,70,3751,42.41148,0.398,909.47443
2026-06-12 14:34:28,27,70,3718,42.41148,0.398,875.47961
2026-06-12 14:34:30,27,70,3718,42.41148,0.058,875.47961
2026-06-12 14:34:32,27,70,3716,42.41148,0.058,875.47961
2026-06-12 14:34:34,27,70,3716,42.41148,0.058,918.82819
2026-06-12 14:34:37,27,70,3716,42.41148,0.103,918.82819
2026-06-12 14:34:40,27,70,3679,42.41148,0.103,891.97107
2026-06-12 14:34:43,27,70,3679,42.41148,0.103,891.97107
2026-06-12 14:34:46,27,70,3679,42.41148,0.355,891.97107
2026-06-12 14:34:48,27,70,3736,42.41148,0.355,867.74438
2026-06-12 14:34:52,27,70,3736,42.41148,0.355,867.74438
2026-06-12 14:34:56,27,70,3736,42.41148,0.01,867.74438
2026-06-12 14:34:58,27,70,3747,42.41148,0.01,856.79407
2026-06-12 14:35:00,27,70,3747,42.41148,0.01,856.79407
2026-06-12 14:35:03,27,70,3747,42.41148,0.332,856.79407
2026-06-12 14:35:05,27,70,3725,42.41148,0.332,856.79407
2026-06-12 14:35:07,27,70,3725,42.41148,0.159,815.01447
2026-06-12 14:35:11,27,70,3711,42.41148,0.159,815.01447
2026-06-12 14:35:14,27,70,3711,42.41148,0.159,784.37341
2026-06-12 14:35:17,27,70,3711,42.41148,0.159,784.37341
2026-06-12 14:35:21,27,70,3711,42.41148,0.159,784.37341
2026-06-12 14:35:24,27,70,3711,42.41148,0.159,784.37341
2026-06-12 14:35:27,27,70,3711,42.41148,0.159,784.37341
2026-06-12 14:35:30,27,70,3711,42.41148,0.159,784.37341
2026-06-12 14:35:32,27,70,3711,-5.7512,0.006,784.37341
2026-06-12 14:35:34,27,70,3772,-5.7512,0.006,784.37341
2026-06-12 14:35:37,27,70,3772,-5.7512,0.006,854.73785
2026-06-12 14:35:40,27,70,3772,-5.7512,0.006,854.73785
2026-06-12 14:35:44,27,70,3772,42.41148,2.106,854.73785
2026-06-12 14:35:46,27,70,3765,42.41148,2.106,854.73785
2026-06-12 14:35:50,27,70,3765,42.41148,2.106,839.91248
2026-06-12 14:35:53,27,70,3765,42.41148,2.106,839.91248
2026-06-12 14:35:56,27,70,3765,42.41148,2.106,839.91248
2026-06-12 14:35:59,27,70,3765,42.41148,2.106,839.91248
2026-06-12 14:36:02,27,70,3765,42.41148,2.106,839.91248
2026-06-12 14:36:04,27,70,3765,42.41148,0.309,839.91248
2026-06-12 14:36:07,27,70,3765,42.41148,0.309,839.91248
2026-06-12 14:36:11,27,70,3770,42.41148,0.309,941.11792
2026-06-12 14:36:14,27,70,3770,42.41148,0.309,941.11792
2026-06-12 14:36:17,27,70,3770,42.41148,0.309,941.11792
2026-06-12 14:36:21,27,70,3770,42.41148,0.003,941.11792
2026-06-12 14:36:24,27,70,3769,42.41148,0.003,967.09149
2026-06-12 14:36:26,27,70,3769,42.41148,0.003,967.09149
2026-06-12 14:36:29,27,70,3769,42.41148,0.178,967.09149
2026-06-12 14:36:31,27,70,3732,42.41148,0.178,944.84344
2026-06-12 14:36:34,27,70,3732,42.41148,0.178,944.84344
2026-06-12 14:36:37,27,70,3732,42.41148,0.178,944.84344
2026-06-12 14:36:40,27,70,3732,42.41148,0.164,944.84344
2026-06-12 14:36:42,27,70,3732,42.41148,0.164,944.84344
2026-06-12 14:36:45,27,70,3762,42.41148,0.164,828.25964
2026-06-12 14:36:48,27,70,3762,42.41148,0.243,828.25964
2026-06-12 14:36:50,27,70,3715,42.41148,0.243,826.82196
2026-06-12 14:36:52,27,70,3715,42.41148,0.148,826.82196
2026-06-12 14:36:55,27,70,3715,42.41148,0.148,826.82196
2026-06-12 14:36:57,27,70,3738,42.41148,0.148,846.52948
2026-06-12 14:37:00,27,70,3738,42.41148,0.21,846.52948
2026-06-12 14:37:03,27,70,3723,42.41148,0.21,808.54401
2026-06-12 14:37:06,27,70,3723,42.41148,0.21,808.54401
2026-06-12 14:37:09,27,70,3723,42.41148,0.21,808.54401
2026-06-12 14:37:12,27,70,3723,42.41148,0.042,808.54401
2026-06-12 14:37:15,27,70,3774,42.41148,0.042,808.54401
2026-06-12 14:37:17,27,70,3774,42.41148,0.042,834.35052
2026-06-12 14:37:19,27,70,3774,42.41148,0.004,834.35052
2026-06-12 14:37:21,27,70,3742,42.41148,0.004,841.55585
2026-06-12 14:37:24,27,70,3742,42.41148,1.176,841.55585
2026-06-12 14:37:26,27,70,3742,42.41148,1.176,841.55585
2026-06-12 14:37:28,27,70,3738,42.41148,1.176,853.67908
